race_id,date,track,race_no,official_url,cache_html_path
20250711_kawasaki_1,2025-07-11,kawasaki,1,https://www.keiba.go.jp/KeibaWeb/TodayRaceInfo/RaceMarkTable?k_raceDate=2025%2F07%2F11&k_raceNo=1&k_babaCode=21,data/cache/html/20250711_kawasaki_1.html
20250711_kawasaki_2,2025-07-11,kawasaki,2,https://www.keiba.go.jp/KeibaWeb/TodayRaceInfo/RaceMarkTable?k_raceDate=2025%2F07%2F11&k_raceNo=2&k_babaCode=21,data/cache/html/20250711_kawasaki_2.html
20250711_kawasaki_3,2025-07-11,kawasaki,3,https://www.keiba.go.jp/KeibaWeb/TodayRaceInfo/RaceMarkTable?k_raceDate=2025%2F07%2F11&k_raceNo=3&k_babaCode=21,data/cache/html/20250711_kawasaki_3.html
20250711_kawasaki_4,2025-07-11,kawasaki,4,https://www.keiba.go.jp/KeibaWeb/TodayRaceInfo/RaceMarkTable?k_raceDate=2025%2F07%2F11&k_raceNo=4&k_babaCode=21,data/cache/html/20250711_kawasaki_4.html
20250711_kawasaki_5,2025-07-11,kawasaki,5,https://www.keiba.go.jp/KeibaWeb/TodayRaceInfo/RaceMarkTable?k_raceDate=2025%2F07%2F11&k_raceNo=5&k_babaCode=21,data/cache/html/20250711_kawasaki_5.html
20250711_kawasaki_6,2025-07-11,kawasaki,6,https://www.keiba.go.jp/KeibaWeb/TodayRaceInfo/RaceMarkTable?k_raceDate=2025%2F07%2F11&k_raceNo=6&k_babaCode=21,data/cache/html/20250711_kawasaki_6.html
20250711_kawasaki_7,2025-07-11,kawasaki,7,https://www.keiba.go.jp/KeibaWeb/TodayRaceInfo/RaceMarkTable?k_raceDate=2025%2F07%2F11&k_raceNo=7&k_babaCode=21,data/cache/html/20250711_kawasaki_7.html
20250711_kawasaki_8,2025-07-11,kawasaki,8,https://www.keiba.go.jp/KeibaWeb/TodayRaceInfo/RaceMarkTable?k_raceDate=2025%2F07%2F11&k_raceNo=8&k_babaCode=21,data/cache/html/20250711_kawasaki_8.html
20250711_kawasaki_9,2025-07-11,kawasaki,9,https://www.keiba.go.jp/KeibaWeb/TodayRaceInfo/RaceMarkTable?k_raceDate=2025%2F07%2F11&k_raceNo=9&k_babaCode=21,data/cache/html/20250711_kawasaki_9.html
20250711_kawasaki_10,2025-07-11,kawasaki,10,https://www.keiba.go.jp/KeibaWeb/TodayRaceInfo/RaceMarkTable?k_raceDate=2025%2F07%2F11&k_raceNo=10&k_babaCode=21,data/cache/html/20250711_kawasaki_10.html
20250711_kawasaki_11,2025-07-11,kawasaki,11,https://www.keiba.go.jp/KeibaWeb/TodayRaceInfo/RaceMarkTable?k_raceDate=2025%2F07%2F11&k_raceNo=11&k_babaCode=21,data/cache/html/20250711_kawasaki_11.html
20250711_kawasaki_12,2025-07-11,kawasaki,12,https://www.keiba.go.jp/KeibaWeb/TodayRaceInfo/RaceMarkTable?k_raceDate=2025%2F07%2F11&k_raceNo=12&k_babaCode=21,data/cache/html/20250711_kawasaki_12.html
20250709_kawasaki_1,2025-07-09,kawasaki,1,https://www.keiba.go.jp/KeibaWeb/TodayRaceInfo/RaceMarkTable?k_raceDate=2025%2F07%2F09&k_raceNo=1&k_babaCode=21,data/cache/html/20250709_kawasaki_1.html
20250709_kawasaki_2,2025-07-09,kawasaki,2,https://www.keiba.go.jp/KeibaWeb/TodayRaceInfo/RaceMarkTable?k_raceDate=2025%2F07%2F09&k_raceNo=2&k_babaCode=21,data/cache/html/20250709_kawasaki_2.html
20250709_kawasaki_3,2025-07-09,kawasaki,3,https://www.keiba.go.jp/KeibaWeb/TodayRaceInfo/RaceMarkTable?k_raceDate=2025%2F07%2F09&k_raceNo=3&k_babaCode=21,data/cache/html/20250709_kawasaki_3.html
20250709_kawasaki_4,2025-07-09,kawasaki,4,https://www.keiba.go.jp/KeibaWeb/TodayRaceInfo/RaceMarkTable?k_raceDate=2025%2F07%2F09&k_raceNo=4&k_babaCode=21,data/cache/html/20250709_kawasaki_4.html
20250709_kawasaki_5,2025-07-09,kawasaki,5,https://www.keiba.go.jp/KeibaWeb/TodayRaceInfo/RaceMarkTable?k_raceDate=2025%2F07%2F09&k_raceNo=5&k_babaCode=21,data/cache/html/20250709_kawasaki_5.html
20250709_kawasaki_6,2025-07-09,kawasaki,6,https://www.keiba.go.jp/KeibaWeb/TodayRaceInfo/RaceMarkTable?k_raceDate=2025%2F07%2F09&k_raceNo=6&k_babaCode=21,data/cache/html/20250709_kawasaki_6.html
20250709_kawasaki_7,2025-07-09,kawasaki,7,https://www.keiba.go.jp/KeibaWeb/TodayRaceInfo/RaceMarkTable?k_raceDate=2025%2F07%2F09&k_raceNo=7&k_babaCode=21,data/cache/html/20250709_kawasaki_7.html
20250709_kawasaki_8,2025-07-09,kawasaki,8,https://www.keiba.go.jp/KeibaWeb/TodayRaceInfo/RaceMarkTable?k_raceDate=2025%2F07%2F09&k_raceNo=8&k_babaCode=21,data/cache/html/20250709_kawasaki_8.html
20250709_kawasaki_9,2025-07-09,kawasaki,9,https://www.keiba.go.jp/KeibaWeb/TodayRaceInfo/RaceMarkTable?k_raceDate=2025%2F07%2F09&k_raceNo=9&k_babaCode=21,data/cache/html/20250709_kawasaki_9.html
20250709_kawasaki_10,2025-07-09,kawasaki,10,https://www.keiba.go.jp/KeibaWeb/TodayRaceInfo/RaceMarkTable?k_raceDate=2025%2F07%2F09&k_raceNo=10&k_babaCode=21,data/cache/html/20250709_kawasaki_10.html
20250709_kawasaki_11,2025-07-09,kawasaki,11,https://www.keiba.go.jp/KeibaWeb/TodayRaceInfo/RaceMarkTable?k_raceDate=2025%2F07%2F09&k_raceNo=11&k_babaCode=21,data/cache/html/20250709_kawasaki_11.html
20250709_kawasaki_12,2025-07-09,kawasaki,12,https://www.keiba.go.jp/KeibaWeb/TodayRaceInfo/RaceMarkTable?k_raceDate=2025%2F07%2F09&k_raceNo=12&k_babaCode=21,data/cache/html/20250709_kawasaki_12.html
20250708_kawasaki_1,2025-07-08,kawasaki,1,https://www.keiba.go.jp/KeibaWeb/TodayRaceInfo/RaceMarkTable?k_raceDate=2025%2F07%2F08&k_raceNo=1&k_babaCode=21,data/cache/html/20250708_kawasaki_1.html
20250708_kawasaki_2,2025-07-08,kawasaki,2,https://www.keiba.go.jp/KeibaWeb/TodayRaceInfo/RaceMarkTable?k_raceDate=2025%2F07%2F08&k_raceNo=2&k_babaCode=21,data/cache/html/20250708_kawasaki_2.html
20250708_kawasaki_3,2025-07-08,kawasaki,3,https://www.keiba.go.jp/KeibaWeb/TodayRaceInfo/RaceMarkTable?k_raceDate=2025%2F07%2F08&k_raceNo=3&k_babaCode=21,data/cache/html/20250708_kawasaki_3.html
20250708_kawasaki_4,2025-07-08,kawasaki,4,https://www.keiba.go.jp/KeibaWeb/TodayRaceInfo/RaceMarkTable?k_raceDate=2025%2F07%2F08&k_raceNo=4&k_babaCode=21,data/cache/html/20250708_kawasaki_4.html
20250708_kawasaki_5,2025-07-08,kawasaki,5,https://www.keiba.go.jp/KeibaWeb/TodayRaceInfo/RaceMarkTable?k_raceDate=2025%2F07%2F08&k_raceNo=5&k_babaCode=21,data/cache/html/20250708_kawasaki_5.html
20250708_kawasaki_6,2025-07-08,kawasaki,6,https://www.keiba.go.jp/KeibaWeb/TodayRaceInfo/RaceMarkTable?k_raceDate=2025%2F07%2F08&k_raceNo=6&k_babaCode=21,data/cache/html/20250708_kawasaki_6.html
20250708_kawasaki_7,2025-07-08,kawasaki,7,https://www.keiba.go.jp/KeibaWeb/TodayRaceInfo/RaceMarkTable?k_raceDate=2025%2F07%2F08&k_raceNo=7&k_babaCode=21,data/cache/html/20250708_kawasaki_7.html
20250708_kawasaki_8,2025-07-08,kawasaki,8,https://www.keiba.go.jp/KeibaWeb/TodayRaceInfo/RaceMarkTable?k_raceDate=2025%2F07%2F08&k_raceNo=8&k_babaCode=21,data/cache/html/20250708_kawasaki_8.html
20250708_kawasaki_9,2025-07-08,kawasaki,9,https://www.keiba.go.jp/KeibaWeb/TodayRaceInfo/RaceMarkTable?k_raceDate=2025%2F07%2F08&k_raceNo=9&k_babaCode=21,data/cache/html/20250708_kawasaki_9.html
20250708_kawasaki_10,2025-07-08,kawasaki,10,https://www.keiba.go.jp/KeibaWeb/TodayRaceInfo/RaceMarkTable?k_raceDate=2025%2F07%2F08&k_raceNo=10&k_babaCode=21,data/cache/html/20250708_kawasaki_10.html
20250708_kawasaki_11,2025-07-08,kawasaki,11,https://www.keiba.go.jp/KeibaWeb/TodayRaceInfo/RaceMarkTable?k_raceDate=2025%2F07%2F08&k_raceNo=11&k_babaCode=21,data/cache/html/20250708_kawasaki_11.html
20250708_kawasaki_12,2025-07-08,kawasaki,12,https://www.keiba.go.jp/KeibaWeb/TodayRaceInfo/RaceMarkTable?k_raceDate=2025%2F07%2F08&k_raceNo=12&k_babaCode=21,data/cache/html/20250708_kawasaki_12.html
20250707_kawasaki_1,2025-07-07,kawasaki,1,https://www.keiba.go.jp/KeibaWeb/TodayRaceInfo/RaceMarkTable?k_raceDate=2025%2F07%2F07&k_raceNo=1&k_babaCode=21,data/cache/html/20250707_kawasaki_1.html
20250707_kawasaki_2,2025-07-07,kawasaki,2,https://www.keiba.go.jp/KeibaWeb/TodayRaceInfo/RaceMarkTable?k_raceDate=2025%2F07%2F07&k_raceNo=2&k_babaCode=21,data/cache/html/20250707_kawasaki_2.html
20250707_kawasaki_3,2025-07-07,kawasaki,3,https://www.keiba.go.jp/KeibaWeb/TodayRaceInfo/RaceMarkTable?k_raceDate=2025%2F07%2F07&k_raceNo=3&k_babaCode=21,data/cache/html/20250707_kawasaki_3.html
20250707_kawasaki_4,2025-07-07,kawasaki,4,https://www.keiba.go.jp/KeibaWeb/TodayRaceInfo/RaceMarkTable?k_raceDate=2025%2F07%2F07&k_raceNo=4&k_babaCode=21,data/cache/html/20250707_kawasaki_4.html
20250707_kawasaki_5,2025-07-07,kawasaki,5,https://www.keiba.go.jp/KeibaWeb/TodayRaceInfo/RaceMarkTable?k_raceDate=2025%2F07%2F07&k_raceNo=5&k_babaCode=21,data/cache/html/20250707_kawasaki_5.html
20250707_kawasaki_6,2025-07-07,kawasaki,6,https://www.keiba.go.jp/KeibaWeb/TodayRaceInfo/RaceMarkTable?k_raceDate=2025%2F07%2F07&k_raceNo=6&k_babaCode=21,data/cache/html/20250707_kawasaki_6.html
20250707_kawasaki_7,2025-07-07,kawasaki,7,https://www.keiba.go.jp/KeibaWeb/TodayRaceInfo/RaceMarkTable?k_raceDate=2025%2F07%2F07&k_raceNo=7&k_babaCode=21,data/cache/html/20250707_kawasaki_7.html
20250707_kawasaki_8,2025-07-07,kawasaki,8,https://www.keiba.go.jp/KeibaWeb/TodayRaceInfo/RaceMarkTable?k_raceDate=2025%2F07%2F07&k_raceNo=8&k_babaCode=21,data/cache/html/20250707_kawasaki_8.html
20250707_kawasaki_9,2025-07-07,kawasaki,9,https://www.keiba.go.jp/KeibaWeb/TodayRaceInfo/RaceMarkTable?k_raceDate=2025%2F07%2F07&k_raceNo=9&k_babaCode=21,data/cache/html/20250707_kawasaki_9.html
20250707_kawasaki_10,2025-07-07,kawasaki,10,https://www.keiba.go.jp/KeibaWeb/TodayRaceInfo/RaceMarkTable?k_raceDate=2025%2F07%2F07&k_raceNo=10&k_babaCode=21,data/cache/html/20250707_kawasaki_10.html
20250707_kawasaki_11,2025-07-07,kawasaki,11,https://www.keiba.go.jp/KeibaWeb/TodayRaceInfo/RaceMarkTable?k_raceDate=2025%2F07%2F07&k_raceNo=11&k_babaCode=21,data/cache/html/20250707_kawasaki_11.html
20250707_kawasaki_12,2025-07-07,kawasaki,12,https://www.keiba.go.jp/KeibaWeb/TodayRaceInfo/RaceMarkTable?k_raceDate=2025%2F07%2F07&k_raceNo=12&k_babaCode=21,data/cache/html/20250707_kawasaki_12.html
20250710_kawasaki_1,2025-07-10,kawasaki,1,https://www.keiba.go.jp/KeibaWeb/TodayRaceInfo/RaceMarkTable?k_raceDate=2025%2F07%2F10&k_raceNo=1&k_babaCode=21,data/cache/html/20250710_kawasaki_1.html
20250710_kawasaki_2,2025-07-10,kawasaki,2,https://www.keiba.go.jp/KeibaWeb/TodayRaceInfo/RaceMarkTable?k_raceDate=2025%2F07%2F10&k_raceNo=2&k_babaCode=21,data/cache/html/20250710_kawasaki_2.html
20250710_kawasaki_3,2025-07-10,kawasaki,3,https://www.keiba.go.jp/KeibaWeb/TodayRaceInfo/RaceMarkTable?k_raceDate=2025%2F07%2F10&k_raceNo=3&k_babaCode=21,data/cache/html/20250710_kawasaki_3.html
20250710_kawasaki_4,2025-07-10,kawasaki,4,https://www.keiba.go.jp/KeibaWeb/TodayRaceInfo/RaceMarkTable?k_raceDate=2025%2F07%2F10&k_raceNo=4&k_babaCode=21,data/cache/html/20250710_kawasaki_4.html
20250710_kawasaki_5,2025-07-10,kawasaki,5,https://www.keiba.go.jp/KeibaWeb/TodayRaceInfo/RaceMarkTable?k_raceDate=2025%2F07%2F10&k_raceNo=5&k_babaCode=21,data/cache/html/20250710_kawasaki_5.html
20250710_kawasaki_6,2025-07-10,kawasaki,6,https://www.keiba.go.jp/KeibaWeb/TodayRaceInfo/RaceMarkTable?k_raceDate=2025%2F07%2F10&k_raceNo=6&k_babaCode=21,data/cache/html/20250710_kawasaki_6.html
20250710_kawasaki_7,2025-07-10,kawasaki,7,https://www.keiba.go.jp/KeibaWeb/TodayRaceInfo/RaceMarkTable?k_raceDate=2025%2F07%2F10&k_raceNo=7&k_babaCode=21,data/cache/html/20250710_kawasaki_7.html
20250710_kawasaki_8,2025-07-10,kawasaki,8,https://www.keiba.go.jp/KeibaWeb/TodayRaceInfo/RaceMarkTable?k_raceDate=2025%2F07%2F10&k_raceNo=8&k_babaCode=21,data/cache/html/20250710_kawasaki_8.html
20250710_kawasaki_9,2025-07-10,kawasaki,9,https://www.keiba.go.jp/KeibaWeb/TodayRaceInfo/RaceMarkTable?k_raceDate=2025%2F07%2F10&k_raceNo=9&k_babaCode=21,data/cache/html/20250710_kawasaki_9.html
20250710_kawasaki_11,2025-07-10,kawasaki,11,https://www.keiba.go.jp/KeibaWeb/TodayRaceInfo/RaceMarkTable?k_raceDate=2025%2F07%2F10&k_raceNo=11&k_babaCode=21,data/cache/html/20250710_kawasaki_11.html
20250710_kawasaki_12,2025-07-10,kawasaki,12,https://www.keiba.go.jp/KeibaWeb/TodayRaceInfo/RaceMarkTable?k_raceDate=2025%2F07%2F10&k_raceNo=12&k_babaCode=21,data/cache/html/20250710_kawasaki_12.html
20250620_kawasaki_1,2025-06-20,kawasaki,1,https://www.keiba.go.jp/KeibaWeb/TodayRaceInfo/RaceMarkTable?k_raceDate=2025%2F06%2F20&k_raceNo=1&k_babaCode=21,data/cache/html/20250620_kawasaki_1.html
20250620_kawasaki_2,2025-06-20,kawasaki,2,https://www.keiba.go.jp/KeibaWeb/TodayRaceInfo/RaceMarkTable?k_raceDate=2025%2F06%2F20&k_raceNo=2&k_babaCode=21,data/cache/html/20250620_kawasaki_2.html
20250620_kawasaki_3,2025-06-20,kawasaki,3,https://www.keiba.go.jp/KeibaWeb/TodayRaceInfo/RaceMarkTable?k_raceDate=2025%2F06%2F20&k_raceNo=3&k_babaCode=21,data/cache/html/20250620_kawasaki_3.html
20250620_kawasaki_4,2025-06-20,kawasaki,4,https://www.keiba.go.jp/KeibaWeb/TodayRaceInfo/RaceMarkTable?k_raceDate=2025%2F06%2F20&k_raceNo=4&k_babaCode=21,data/cache/html/20250620_kawasaki_4.html
20250620_kawasaki_5,2025-06-20,kawasaki,5,https://www.keiba.go.jp/KeibaWeb/TodayRaceInfo/RaceMarkTable?k_raceDate=2025%2F06%2F20&k_raceNo=5&k_babaCode=21,data/cache/html/20250620_kawasaki_5.html
20250620_kawasaki_6,2025-06-20,kawasaki,6,https://www.keiba.go.jp/KeibaWeb/TodayRaceInfo/RaceMarkTable?k_raceDate=2025%2F06%2F20&k_raceNo=6&k_babaCode=21,data/cache/html/20250620_kawasaki_6.html
20250620_kawasaki_7,2025-06-20,kawasaki,7,https://www.keiba.go.jp/KeibaWeb/TodayRaceInfo/RaceMarkTable?k_raceDate=2025%2F06%2F20&k_raceNo=7&k_babaCode=21,data/cache/html/20250620_kawasaki_7.html
20250620_kawasaki_8,2025-06-20,kawasaki,8,https://www.keiba.go.jp/KeibaWeb/TodayRaceInfo/RaceMarkTable?k_raceDate=2025%2F06%2F20&k_raceNo=8&k_babaCode=21,data/cache/html/20250620_kawasaki_8.html
20250620_kawasaki_9,2025-06-20,kawasaki,9,https://www.keiba.go.jp/KeibaWeb/TodayRaceInfo/RaceMarkTable?k_raceDate=2025%2F06%2F20&k_raceNo=9&k_babaCode=21,data/cache/html/20250620_kawasaki_9.html
20250620_kawasaki_10,2025-06-20,kawasaki,10,https://www.keiba.go.jp/KeibaWeb/TodayRaceInfo/RaceMarkTable?k_raceDate=2025%2F06%2F20&k_raceNo=10&k_babaCode=21,data/cache/html/20250620_kawasaki_10.html
20250620_kawasaki_11,2025-06-20,kawasaki,11,https://www.keiba.go.jp/KeibaWeb/TodayRaceInfo/RaceMarkTable?k_raceDate=2025%2F06%2F20&k_raceNo=11&k_babaCode=21,data/cache/html/20250620_kawasaki_11.html
20250620_kawasaki_12,2025-06-20,kawasaki,12,https://www.keiba.go.jp/KeibaWeb/TodayRaceInfo/RaceMarkTable?k_raceDate=2025%2F06%2F20&k_raceNo=12&k_babaCode=21,data/cache/html/20250620_kawasaki_12.html
20250619_kawasaki_1,2025-06-19,kawasaki,1,https://www.keiba.go.jp/KeibaWeb/TodayRaceInfo/RaceMarkTable?k_raceDate=2025%2F06%2F19&k_raceNo=1&k_babaCode=21,data/cache/html/20250619_kawasaki_1.html
20250619_kawasaki_2,2025-06-19,kawasaki,2,https://www.keiba.go.jp/KeibaWeb/TodayRaceInfo/RaceMarkTable?k_raceDate=2025%2F06%2F19&k_raceNo=2&k_babaCode=21,data/cache/html/20250619_kawasaki_2.html
20250619_kawasaki_3,2025-06-19,kawasaki,3,https://www.keiba.go.jp/KeibaWeb/TodayRaceInfo/RaceMarkTable?k_raceDate=2025%2F06%2F19&k_raceNo=3&k_babaCode=21,data/cache/html/20250619_kawasaki_3.html
20250619_kawasaki_4,2025-06-19,kawasaki,4,https://www.keiba.go.jp/KeibaWeb/TodayRaceInfo/RaceMarkTable?k_raceDate=2025%2F06%2F19&k_raceNo=4&k_babaCode=21,data/cache/html/20250619_kawasaki_4.html
20250619_kawasaki_5,2025-06-19,kawasaki,5,https://www.keiba.go.jp/KeibaWeb/TodayRaceInfo/RaceMarkTable?k_raceDate=2025%2F06%2F19&k_raceNo=5&k_babaCode=21,data/cache/html/20250619_kawasaki_5.html
20250619_kawasaki_6,2025-06-19,kawasaki,6,https://www.keiba.go.jp/KeibaWeb/TodayRaceInfo/RaceMarkTable?k_raceDate=2025%2F06%2F19&k_raceNo=6&k_babaCode=21,data/cache/html/20250619_kawasaki_6.html
20250619_kawasaki_7,2025-06-19,kawasaki,7,https://www.keiba.go.jp/KeibaWeb/TodayRaceInfo/RaceMarkTable?k_raceDate=2025%2F06%2F19&k_raceNo=7&k_babaCode=21,data/cache/html/20250619_kawasaki_7.html
20250619_kawasaki_8,2025-06-19,kawasaki,8,https://www.keiba.go.jp/KeibaWeb/TodayRaceInfo/RaceMarkTable?k_raceDate=2025%2F06%2F19&k_raceNo=8&k_babaCode=21,data/cache/html/20250619_kawasaki_8.html
20250619_kawasaki_9,2025-06-19,kawasaki,9,https://www.keiba.go.jp/KeibaWeb/TodayRaceInfo/RaceMarkTable?k_raceDate=2025%2F06%2F19&k_raceNo=9&k_babaCode=21,data/cache/html/20250619_kawasaki_9.html
20250619_kawasaki_10,2025-06-19,kawasaki,10,https://www.keiba.go.jp/KeibaWeb/TodayRaceInfo/RaceMarkTable?k_raceDate=2025%2F06%2F19&k_raceNo=10&k_babaCode=21,data/cache/html/20250619_kawasaki_10.html
20250619_kawasaki_11,2025-06-19,kawasaki,11,https://www.keiba.go.jp/KeibaWeb/TodayRaceInfo/RaceMarkTable?k_raceDate=2025%2F06%2F19&k_raceNo=11&k_babaCode=21,data/cache/html/20250619_kawasaki_11.html
20250619_kawasaki_12,2025-06-19,kawasaki,12,https://www.keiba.go.jp/KeibaWeb/TodayRaceInfo/RaceMarkTable?k_raceDate=2025%2F06%2F19&k_raceNo=12&k_babaCode=21,data/cache/html/20250619_kawasaki_12.html
20250618_kawasaki_1,2025-06-18,kawasaki,1,https://www.keiba.go.jp/KeibaWeb/TodayRaceInfo/RaceMarkTable?k_raceDate=2025%2F06%2F18&k_raceNo=1&k_babaCode=21,data/cache/html/20250618_kawasaki_1.html
20250618_kawasaki_2,2025-06-18,kawasaki,2,https://www.keiba.go.jp/KeibaWeb/TodayRaceInfo/RaceMarkTable?k_raceDate=2025%2F06%2F18&k_raceNo=2&k_babaCode=21,data/cache/html/20250618_kawasaki_2.html
20250618_kawasaki_3,2025-06-18,kawasaki,3,https://www.keiba.go.jp/KeibaWeb/TodayRaceInfo/RaceMarkTable?k_raceDate=2025%2F06%2F18&k_raceNo=3&k_babaCode=21,data/cache/html/20250618_kawasaki_3.html
20250618_kawasaki_4,2025-06-18,kawasaki,4,https://www.keiba.go.jp/KeibaWeb/TodayRaceInfo/RaceMarkTable?k_raceDate=2025%2F06%2F18&k_raceNo=4&k_babaCode=21,data/cache/html/20250618_kawasaki_4.html
20250618_kawasaki_5,2025-06-18,kawasaki,5,https://www.keiba.go.jp/KeibaWeb/TodayRaceInfo/RaceMarkTable?k_raceDate=2025%2F06%2F18&k_raceNo=5&k_babaCode=21,data/cache/html/20250618_kawasaki_5.html
20250618_kawasaki_6,2025-06-18,kawasaki,6,https://www.keiba.go.jp/KeibaWeb/TodayRaceInfo/RaceMarkTable?k_raceDate=2025%2F06%2F18&k_raceNo=6&k_babaCode=21,data/cache/html/20250618_kawasaki_6.html
20250618_kawasaki_7,2025-06-18,kawasaki,7,https://www.keiba.go.jp/KeibaWeb/TodayRaceInfo/RaceMarkTable?k_raceDate=2025%2F06%2F18&k_raceNo=7&k_babaCode=21,data/cache/html/20250618_kawasaki_7.html
20250618_kawasaki_8,2025-06-18,kawasaki,8,https://www.keiba.go.jp/KeibaWeb/TodayRaceInfo/RaceMarkTable?k_raceDate=2025%2F06%2F18&k_raceNo=8&k_babaCode=21,data/cache/html/20250618_kawasaki_8.html
20250618_kawasaki_9,2025-06-18,kawasaki,9,https://www.keiba.go.jp/KeibaWeb/TodayRaceInfo/RaceMarkTable?k_raceDate=2025%2F06%2F18&k_raceNo=9&k_babaCode=21,data/cache/html/20250618_kawasaki_9.html
20250618_kawasaki_10,2025-06-18,kawasaki,10,https://www.keiba.go.jp/KeibaWeb/TodayRaceInfo/RaceMarkTable?k_raceDate=2025%2F06%2F18&k_raceNo=10&k_babaCode=21,data/cache/html/20250618_kawasaki_10.html
20250618_kawasaki_11,2025-06-18,kawasaki,11,https://www.keiba.go.jp/KeibaWeb/TodayRaceInfo/RaceMarkTable?k_raceDate=2025%2F06%2F18&k_raceNo=11&k_babaCode=21,data/cache/html/20250618_kawasaki_11.html
20250618_kawasaki_12,2025-06-18,kawasaki,12,https://www.keiba.go.jp/KeibaWeb/TodayRaceInfo/RaceMarkTable?k_raceDate=2025%2F06%2F18&k_raceNo=12&k_babaCode=21,data/cache/html/20250618_kawasaki_12.html
20250617_kawasaki_1,2025-06-17,kawasaki,1,https://www.keiba.go.jp/KeibaWeb/TodayRaceInfo/RaceMarkTable?k_raceDate=2025%2F06%2F17&k_raceNo=1&k_babaCode=21,data/cache/html/20250617_kawasaki_1.html
20250617_kawasaki_2,2025-06-17,kawasaki,2,https://www.keiba.go.jp/KeibaWeb/TodayRaceInfo/RaceMarkTable?k_raceDate=2025%2F06%2F17&k_raceNo=2&k_babaCode=21,data/cache/html/20250617_kawasaki_2.html
20250617_kawasaki_3,2025-06-17,kawasaki,3,https://www.keiba.go.jp/KeibaWeb/TodayRaceInfo/RaceMarkTable?k_raceDate=2025%2F06%2F17&k_raceNo=3&k_babaCode=21,data/cache/html/20250617_kawasaki_3.html
20250617_kawasaki_4,2025-06-17,kawasaki,4,https://www.keiba.go.jp/KeibaWeb/TodayRaceInfo/RaceMarkTable?k_raceDate=2025%2F06%2F17&k_raceNo=4&k_babaCode=21,data/cache/html/20250617_kawasaki_4.html
20250617_kawasaki_5,2025-06-17,kawasaki,5,https://www.keiba.go.jp/KeibaWeb/TodayRaceInfo/RaceMarkTable?k_raceDate=2025%2F06%2F17&k_raceNo=5&k_babaCode=21,data/cache/html/20250617_kawasaki_5.html
20250617_kawasaki_6,2025-06-17,kawasaki,6,https://www.keiba.go.jp/KeibaWeb/TodayRaceInfo/RaceMarkTable?k_raceDate=2025%2F06%2F17&k_raceNo=6&k_babaCode=21,data/cache/html/20250617_kawasaki_6.html
20250617_kawasaki_7,2025-06-17,kawasaki,7,https://www.keiba.go.jp/KeibaWeb/TodayRaceInfo/RaceMarkTable?k_raceDate=2025%2F06%2F17&k_raceNo=7&k_babaCode=21,data/cache/html/20250617_kawasaki_7.html
20250617_kawasaki_8,2025-06-17,kawasaki,8,https://www.keiba.go.jp/KeibaWeb/TodayRaceInfo/RaceMarkTable?k_raceDate=2025%2F06%2F17&k_raceNo=8&k_babaCode=21,data/cache/html/20250617_kawasaki_8.html
20250617_kawasaki_9,2025-06-17,kawasaki,9,https://www.keiba.go.jp/KeibaWeb/TodayRaceInfo/RaceMarkTable?k_raceDate=2025%2F06%2F17&k_raceNo=9&k_babaCode=21,data/cache/html/20250617_kawasaki_9.html
20250617_kawasaki_10,2025-06-17,kawasaki,10,https://www.keiba.go.jp/KeibaWeb/TodayRaceInfo/RaceMarkTable?k_raceDate=2025%2F06%2F17&k_raceNo=10&k_babaCode=21,data/cache/html/20250617_kawasaki_10.html
20250617_kawasaki_11,2025-06-17,kawasaki,11,https://www.keiba.go.jp/KeibaWeb/TodayRaceInfo/RaceMarkTable?k_raceDate=2025%2F06%2F17&k_raceNo=11&k_babaCode=21,data/cache/html/20250617_kawasaki_11.html
20250617_kawasaki_12,2025-06-17,kawasaki,12,https://www.keiba.go.jp/KeibaWeb/TodayRaceInfo/RaceMarkTable?k_raceDate=2025%2F06%2F17&k_raceNo=12&k_babaCode=21,data/cache/html/20250617_kawasaki_12.html
20250616_kawasaki_1,2025-06-16,kawasaki,1,https://www.keiba.go.jp/KeibaWeb/TodayRaceInfo/RaceMarkTable?k_raceDate=2025%2F06%2F16&k_raceNo=1&k_babaCode=21,data/cache/html/20250616_kawasaki_1.html
20250616_kawasaki_2,2025-06-16,kawasaki,2,https://www.keiba.go.jp/KeibaWeb/TodayRaceInfo/RaceMarkTable?k_raceDate=2025%2F06%2F16&k_raceNo=2&k_babaCode=21,data/cache/html/20250616_kawasaki_2.html
20250616_kawasaki_3,2025-06-16,kawasaki,3,https://www.keiba.go.jp/KeibaWeb/TodayRaceInfo/RaceMarkTable?k_raceDate=2025%2F06%2F16&k_raceNo=3&k_babaCode=21,data/cache/html/20250616_kawasaki_3.html
20250616_kawasaki_4,2025-06-16,kawasaki,4,https://www.keiba.go.jp/KeibaWeb/TodayRaceInfo/RaceMarkTable?k_raceDate=2025%2F06%2F16&k_raceNo=4&k_babaCode=21,data/cache/html/20250616_kawasaki_4.html
20250616_kawasaki_5,2025-06-16,kawasaki,5,https://www.keiba.go.jp/KeibaWeb/TodayRaceInfo/RaceMarkTable?k_raceDate=2025%2F06%2F16&k_raceNo=5&k_babaCode=21,data/cache/html/20250616_kawasaki_5.html
20250616_kawasaki_6,2025-06-16,kawasaki,6,https://www.keiba.go.jp/KeibaWeb/TodayRaceInfo/RaceMarkTable?k_raceDate=2025%2F06%2F16&k_raceNo=6&k_babaCode=21,data/cache/html/20250616_kawasaki_6.html
20250616_kawasaki_7,2025-06-16,kawasaki,7,https://www.keiba.go.jp/KeibaWeb/TodayRaceInfo/RaceMarkTable?k_raceDate=2025%2F06%2F16&k_raceNo=7&k_babaCode=21,data/cache/html/20250616_kawasaki_7.html
20250616_kawasaki_8,2025-06-16,kawasaki,8,https://www.keiba.go.jp/KeibaWeb/TodayRaceInfo/RaceMarkTable?k_raceDate=2025%2F06%2F16&k_raceNo=8&k_babaCode=21,data/cache/html/20250616_kawasaki_8.html
20250616_kawasaki_9,2025-06-16,kawasaki,9,https://www.keiba.go.jp/KeibaWeb/TodayRaceInfo/RaceMarkTable?k_raceDate=2025%2F06%2F16&k_raceNo=9&k_babaCode=21,data/cache/html/20250616_kawasaki_9.html
20250616_kawasaki_10,2025-06-16,kawasaki,10,https://www.keiba.go.jp/KeibaWeb/TodayRaceInfo/RaceMarkTable?k_raceDate=2025%2F06%2F16&k_raceNo=10&k_babaCode=21,data/cache/html/20250616_kawasaki_10.html
20250616_kawasaki_11,2025-06-16,kawasaki,11,https://www.keiba.go.jp/KeibaWeb/TodayRaceInfo/RaceMarkTable?k_raceDate=2025%2F06%2F16&k_raceNo=11&k_babaCode=21,data/cache/html/20250616_kawasaki_11.html
20250616_kawasaki_12,2025-06-16,kawasaki,12,https://www.keiba.go.jp/KeibaWeb/TodayRaceInfo/RaceMarkTable?k_raceDate=2025%2F06%2F16&k_raceNo=12&k_babaCode=21,data/cache/html/20250616_kawasaki_12.html
20250516_kawasaki_1,2025-05-16,kawasaki,1,https://www.keiba.go.jp/KeibaWeb/TodayRaceInfo/RaceMarkTable?k_raceDate=2025%2F05%2F16&k_raceNo=1&k_babaCode=21,data/cache/html/20250516_kawasaki_1.html
20250516_kawasaki_2,2025-05-16,kawasaki,2,https://www.keiba.go.jp/KeibaWeb/TodayRaceInfo/RaceMarkTable?k_raceDate=2025%2F05%2F16&k_raceNo=2&k_babaCode=21,data/cache/html/20250516_kawasaki_2.html
20250516_kawasaki_3,2025-05-16,kawasaki,3,https://www.keiba.go.jp/KeibaWeb/TodayRaceInfo/RaceMarkTable?k_raceDate=2025%2F05%2F16&k_raceNo=3&k_babaCode=21,data/cache/html/20250516_kawasaki_3.html
20250516_kawasaki_4,2025-05-16,kawasaki,4,https://www.keiba.go.jp/KeibaWeb/TodayRaceInfo/RaceMarkTable?k_raceDate=2025%2F05%2F16&k_raceNo=4&k_babaCode=21,data/cache/html/20250516_kawasaki_4.html
20250516_kawasaki_5,2025-05-16,kawasaki,5,https://www.keiba.go.jp/KeibaWeb/TodayRaceInfo/RaceMarkTable?k_raceDate=2025%2F05%2F16&k_raceNo=5&k_babaCode=21,data/cache/html/20250516_kawasaki_5.html
20250516_kawasaki_6,2025-05-16,kawasaki,6,https://www.keiba.go.jp/KeibaWeb/TodayRaceInfo/RaceMarkTable?k_raceDate=2025%2F05%2F16&k_raceNo=6&k_babaCode=21,data/cache/html/20250516_kawasaki_6.html
20250516_kawasaki_7,2025-05-16,kawasaki,7,https://www.keiba.go.jp/KeibaWeb/TodayRaceInfo/RaceMarkTable?k_raceDate=2025%2F05%2F16&k_raceNo=7&k_babaCode=21,data/cache/html/20250516_kawasaki_7.html
20250516_kawasaki_8,2025-05-16,kawasaki,8,https://www.keiba.go.jp/KeibaWeb/TodayRaceInfo/RaceMarkTable?k_raceDate=2025%2F05%2F16&k_raceNo=8&k_babaCode=21,data/cache/html/20250516_kawasaki_8.html
20250516_kawasaki_9,2025-05-16,kawasaki,9,https://www.keiba.go.jp/KeibaWeb/TodayRaceInfo/RaceMarkTable?k_raceDate=2025%2F05%2F16&k_raceNo=9&k_babaCode=21,data/cache/html/20250516_kawasaki_9.html
20250516_kawasaki_10,2025-05-16,kawasaki,10,https://www.keiba.go.jp/KeibaWeb/TodayRaceInfo/RaceMarkTable?k_raceDate=2025%2F05%2F16&k_raceNo=10&k_babaCode=21,data/cache/html/20250516_kawasaki_10.html
20250516_kawasaki_11,2025-05-16,kawasaki,11,https://www.keiba.go.jp/KeibaWeb/TodayRaceInfo/RaceMarkTable?k_raceDate=2025%2F05%2F16&k_raceNo=11&k_babaCode=21,data/cache/html/20250516_kawasaki_11.html
20250516_kawasaki_12,2025-05-16,kawasaki,12,https://www.keiba.go.jp/KeibaWeb/TodayRaceInfo/RaceMarkTable?k_raceDate=2025%2F05%2F16&k_raceNo=12&k_babaCode=21,data/cache/html/20250516_kawasaki_12.html
20250515_kawasaki_1,2025-05-15,kawasaki,1,https://www.keiba.go.jp/KeibaWeb/TodayRaceInfo/RaceMarkTable?k_raceDate=2025%2F05%2F15&k_raceNo=1&k_babaCode=21,data/cache/html/20250515_kawasaki_1.html
20250515_kawasaki_2,2025-05-15,kawasaki,2,https://www.keiba.go.jp/KeibaWeb/TodayRaceInfo/RaceMarkTable?k_raceDate=2025%2F05%2F15&k_raceNo=2&k_babaCode=21,data/cache/html/20250515_kawasaki_2.html
20250515_kawasaki_3,2025-05-15,kawasaki,3,https://www.keiba.go.jp/KeibaWeb/TodayRaceInfo/RaceMarkTable?k_raceDate=2025%2F05%2F15&k_raceNo=3&k_babaCode=21,data/cache/html/20250515_kawasaki_3.html
20250515_kawasaki_4,2025-05-15,kawasaki,4,https://www.keiba.go.jp/KeibaWeb/TodayRaceInfo/RaceMarkTable?k_raceDate=2025%2F05%2F15&k_raceNo=4&k_babaCode=21,data/cache/html/20250515_kawasaki_4.html
20250515_kawasaki_5,2025-05-15,kawasaki,5,https://www.keiba.go.jp/KeibaWeb/TodayRaceInfo/RaceMarkTable?k_raceDate=2025%2F05%2F15&k_raceNo=5&k_babaCode=21,data/cache/html/20250515_kawasaki_5.html
20250515_kawasaki_6,2025-05-15,kawasaki,6,https://www.keiba.go.jp/KeibaWeb/TodayRaceInfo/RaceMarkTable?k_raceDate=2025%2F05%2F15&k_raceNo=6&k_babaCode=21,data/cache/html/20250515_kawasaki_6.html
20250515_kawasaki_7,2025-05-15,kawasaki,7,https://www.keiba.go.jp/KeibaWeb/TodayRaceInfo/RaceMarkTable?k_raceDate=2025%2F05%2F15&k_raceNo=7&k_babaCode=21,data/cache/html/20250515_kawasaki_7.html
20250515_kawasaki_8,2025-05-15,kawasaki,8,https://www.keiba.go.jp/KeibaWeb/TodayRaceInfo/RaceMarkTable?k_raceDate=2025%2F05%2F15&k_raceNo=8&k_babaCode=21,data/cache/html/20250515_kawasaki_8.html
20250515_kawasaki_9,2025-05-15,kawasaki,9,https://www.keiba.go.jp/KeibaWeb/TodayRaceInfo/RaceMarkTable?k_raceDate=2025%2F05%2F15&k_raceNo=9&k_babaCode=21,data/cache/html/20250515_kawasaki_9.html
20250515_kawasaki_10,2025-05-15,kawasaki,10,https://www.keiba.go.jp/KeibaWeb/TodayRaceInfo/RaceMarkTable?k_raceDate=2025%2F05%2F15&k_raceNo=10&k_babaCode=21,data/cache/html/20250515_kawasaki_10.html
20250515_kawasaki_11,2025-05-15,kawasaki,11,https://www.keiba.go.jp/KeibaWeb/TodayRaceInfo/RaceMarkTable?k_raceDate=2025%2F05%2F15&k_raceNo=11&k_babaCode=21,data/cache/html/20250515_kawasaki_11.html
20250515_kawasaki_12,2025-05-15,kawasaki,12,https://www.keiba.go.jp/KeibaWeb/TodayRaceInfo/RaceMarkTable?k_raceDate=2025%2F05%2F15&k_raceNo=12&k_babaCode=21,data/cache/html/20250515_kawasaki_12.html
20250514_kawasaki_1,2025-05-14,kawasaki,1,https://www.keiba.go.jp/KeibaWeb/TodayRaceInfo/RaceMarkTable?k_raceDate=2025%2F05%2F14&k_raceNo=1&k_babaCode=21,data/cache/html/20250514_kawasaki_1.html
20250514_kawasaki_2,2025-05-14,kawasaki,2,https://www.keiba.go.jp/KeibaWeb/TodayRaceInfo/RaceMarkTable?k_raceDate=2025%2F05%2F14&k_raceNo=2&k_babaCode=21,data/cache/html/20250514_kawasaki_2.html
20250514_kawasaki_3,2025-05-14,kawasaki,3,https://www.keiba.go.jp/KeibaWeb/TodayRaceInfo/RaceMarkTable?k_raceDate=2025%2F05%2F14&k_raceNo=3&k_babaCode=21,data/cache/html/20250514_kawasaki_3.html
20250514_kawasaki_4,2025-05-14,kawasaki,4,https://www.keiba.go.jp/KeibaWeb/TodayRaceInfo/RaceMarkTable?k_raceDate=2025%2F05%2F14&k_raceNo=4&k_babaCode=21,data/cache/html/20250514_kawasaki_4.html
20250514_kawasaki_5,2025-05-14,kawasaki,5,https://www.keiba.go.jp/KeibaWeb/TodayRaceInfo/RaceMarkTable?k_raceDate=2025%2F05%2F14&k_raceNo=5&k_babaCode=21,data/cache/html/20250514_kawasaki_5.html
20250514_kawasaki_6,2025-05-14,kawasaki,6,https://www.keiba.go.jp/KeibaWeb/TodayRaceInfo/RaceMarkTable?k_raceDate=2025%2F05%2F14&k_raceNo=6&k_babaCode=21,data/cache/html/20250514_kawasaki_6.html
20250514_kawasaki_7,2025-05-14,kawasaki,7,https://www.keiba.go.jp/KeibaWeb/TodayRaceInfo/RaceMarkTable?k_raceDate=2025%2F05%2F14&k_raceNo=7&k_babaCode=21,data/cache/html/20250514_kawasaki_7.html
20250514_kawasaki_8,2025-05-14,kawasaki,8,https://www.keiba.go.jp/KeibaWeb/TodayRaceInfo/RaceMarkTable?k_raceDate=2025%2F05%2F14&k_raceNo=8&k_babaCode=21,data/cache/html/20250514_kawasaki_8.html
20250514_kawasaki_9,2025-05-14,kawasaki,9,https://www.keiba.go.jp/KeibaWeb/TodayRaceInfo/RaceMarkTable?k_raceDate=2025%2F05%2F14&k_raceNo=9&k_babaCode=21,data/cache/html/20250514_kawasaki_9.html
20250514_kawasaki_10,2025-05-14,kawasaki,10,https://www.keiba.go.jp/KeibaWeb/TodayRaceInfo/RaceMarkTable?k_raceDate=2025%2F05%2F14&k_raceNo=10&k_babaCode=21,data/cache/html/20250514_kawasaki_10.html
20250514_kawasaki_11,2025-05-14,kawasaki,11,https://www.keiba.go.jp/KeibaWeb/TodayRaceInfo/RaceMarkTable?k_raceDate=2025%2F05%2F14&k_raceNo=11&k_babaCode=21,data/cache/html/20250514_kawasaki_11.html
20250514_kawasaki_12,2025-05-14,kawasaki,12,https://www.keiba.go.jp/KeibaWeb/TodayRaceInfo/RaceMarkTable?k_raceDate=2025%2F05%2F14&k_raceNo=12&k_babaCode=21,data/cache/html/20250514_kawasaki_12.html
20250513_kawasaki_1,2025-05-13,kawasaki,1,https://www.keiba.go.jp/KeibaWeb/TodayRaceInfo/RaceMarkTable?k_raceDate=2025%2F05%2F13&k_raceNo=1&k_babaCode=21,data/cache/html/20250513_kawasaki_1.html
20250513_kawasaki_2,2025-05-13,kawasaki,2,https://www.keiba.go.jp/KeibaWeb/TodayRaceInfo/RaceMarkTable?k_raceDate=2025%2F05%2F13&k_raceNo=2&k_babaCode=21,data/cache/html/20250513_kawasaki_2.html
20250513_kawasaki_3,2025-05-13,kawasaki,3,https://www.keiba.go.jp/KeibaWeb/TodayRaceInfo/RaceMarkTable?k_raceDate=2025%2F05%2F13&k_raceNo=3&k_babaCode=21,data/cache/html/20250513_kawasaki_3.html
20250513_kawasaki_4,2025-05-13,kawasaki,4,https://www.keiba.go.jp/KeibaWeb/TodayRaceInfo/RaceMarkTable?k_raceDate=2025%2F05%2F13&k_raceNo=4&k_babaCode=21,data/cache/html/20250513_kawasaki_4.html
20250513_kawasaki_5,2025-05-13,kawasaki,5,https://www.keiba.go.jp/KeibaWeb/TodayRaceInfo/RaceMarkTable?k_raceDate=2025%2F05%2F13&k_raceNo=5&k_babaCode=21,data/cache/html/20250513_kawasaki_5.html
20250513_kawasaki_6,2025-05-13,kawasaki,6,https://www.keiba.go.jp/KeibaWeb/TodayRaceInfo/RaceMarkTable?k_raceDate=2025%2F05%2F13&k_raceNo=6&k_babaCode=21,data/cache/html/20250513_kawasaki_6.html
20250513_kawasaki_7,2025-05-13,kawasaki,7,https://www.keiba.go.jp/KeibaWeb/TodayRaceInfo/RaceMarkTable?k_raceDate=2025%2F05%2F13&k_raceNo=7&k_babaCode=21,data/cache/html/20250513_kawasaki_7.html
20250513_kawasaki_8,2025-05-13,kawasaki,8,https://www.keiba.go.jp/KeibaWeb/TodayRaceInfo/RaceMarkTable?k_raceDate=2025%2F05%2F13&k_raceNo=8&k_babaCode=21,data/cache/html/20250513_kawasaki_8.html
20250513_kawasaki_9,2025-05-13,kawasaki,9,https://www.keiba.go.jp/KeibaWeb/TodayRaceInfo/RaceMarkTable?k_raceDate=2025%2F05%2F13&k_raceNo=9&k_babaCode=21,data/cache/html/20250513_kawasaki_9.html
20250513_kawasaki_10,2025-05-13,kawasaki,10,https://www.keiba.go.jp/KeibaWeb/TodayRaceInfo/RaceMarkTable?k_raceDate=2025%2F05%2F13&k_raceNo=10&k_babaCode=21,data/cache/html/20250513_kawasaki_10.html
20250513_kawasaki_11,2025-05-13,kawasaki,11,https://www.keiba.go.jp/KeibaWeb/TodayRaceInfo/RaceMarkTable?k_raceDate=2025%2F05%2F13&k_raceNo=11&k_babaCode=21,data/cache/html/20250513_kawasaki_11.html
20250513_kawasaki_12,2025-05-13,kawasaki,12,https://www.keiba.go.jp/KeibaWeb/TodayRaceInfo/RaceMarkTable?k_raceDate=2025%2F05%2F13&k_raceNo=12&k_babaCode=21,data/cache/html/20250513_kawasaki_12.html
20250512_kawasaki_1,2025-05-12,kawasaki,1,https://www.keiba.go.jp/KeibaWeb/TodayRaceInfo/RaceMarkTable?k_raceDate=2025%2F05%2F12&k_raceNo=1&k_babaCode=21,data/cache/html/20250512_kawasaki_1.html
20250512_kawasaki_2,2025-05-12,kawasaki,2,https://www.keiba.go.jp/KeibaWeb/TodayRaceInfo/RaceMarkTable?k_raceDate=2025%2F05%2F12&k_raceNo=2&k_babaCode=21,data/cache/html/20250512_kawasaki_2.html
20250512_kawasaki_3,2025-05-12,kawasaki,3,https://www.keiba.go.jp/KeibaWeb/TodayRaceInfo/RaceMarkTable?k_raceDate=2025%2F05%2F12&k_raceNo=3&k_babaCode=21,data/cache/html/20250512_kawasaki_3.html
20250512_kawasaki_4,2025-05-12,kawasaki,4,https://www.keiba.go.jp/KeibaWeb/TodayRaceInfo/RaceMarkTable?k_raceDate=2025%2F05%2F12&k_raceNo=4&k_babaCode=21,data/cache/html/20250512_kawasaki_4.html
20250512_kawasaki_5,2025-05-12,kawasaki,5,https://www.keiba.go.jp/KeibaWeb/TodayRaceInfo/RaceMarkTable?k_raceDate=2025%2F05%2F12&k_raceNo=5&k_babaCode=21,data/cache/html/20250512_kawasaki_5.html
20250512_kawasaki_6,2025-05-12,kawasaki,6,https://www.keiba.go.jp/KeibaWeb/TodayRaceInfo/RaceMarkTable?k_raceDate=2025%2F05%2F12&k_raceNo=6&k_babaCode=21,data/cache/html/20250512_kawasaki_6.html
20250512_kawasaki_7,2025-05-12,kawasaki,7,https://www.keiba.go.jp/KeibaWeb/TodayRaceInfo/RaceMarkTable?k_raceDate=2025%2F05%2F12&k_raceNo=7&k_babaCode=21,data/cache/html/20250512_kawasaki_7.html
20250512_kawasaki_8,2025-05-12,kawasaki,8,https://www.keiba.go.jp/KeibaWeb/TodayRaceInfo/RaceMarkTable?k_raceDate=2025%2F05%2F12&k_raceNo=8&k_babaCode=21,data/cache/html/20250512_kawasaki_8.html
20250512_kawasaki_9,2025-05-12,kawasaki,9,https://www.keiba.go.jp/KeibaWeb/TodayRaceInfo/RaceMarkTable?k_raceDate=2025%2F05%2F12&k_raceNo=9&k_babaCode=21,data/cache/html/20250512_kawasaki_9.html
20250512_kawasaki_10,2025-05-12,kawasaki,10,https://www.keiba.go.jp/KeibaWeb/TodayRaceInfo/RaceMarkTable?k_raceDate=2025%2F05%2F12&k_raceNo=10&k_babaCode=21,data/cache/html/20250512_kawasaki_10.html
20250512_kawasaki_11,2025-05-12,kawasaki,11,https://www.keiba.go.jp/KeibaWeb/TodayRaceInfo/RaceMarkTable?k_raceDate=2025%2F05%2F12&k_raceNo=11&k_babaCode=21,data/cache/html/20250512_kawasaki_11.html
20250512_kawasaki_12,2025-05-12,kawasaki,12,https://www.keiba.go.jp/KeibaWeb/TodayRaceInfo/RaceMarkTable?k_raceDate=2025%2F05%2F12&k_raceNo=12&k_babaCode=21,data/cache/html/20250512_kawasaki_12.html
20250410_kawasaki_1,2025-04-10,kawasaki,1,https://www.keiba.go.jp/KeibaWeb/TodayRaceInfo/RaceMarkTable?k_raceDate=2025%2F04%2F10&k_raceNo=1&k_babaCode=21,data/cache/html/20250410_kawasaki_1.html
20250410_kawasaki_2,2025-04-10,kawasaki,2,https://www.keiba.go.jp/KeibaWeb/TodayRaceInfo/RaceMarkTable?k_raceDate=2025%2F04%2F10&k_raceNo=2&k_babaCode=21,data/cache/html/20250410_kawasaki_2.html
20250410_kawasaki_3,2025-04-10,kawasaki,3,https://www.keiba.go.jp/KeibaWeb/TodayRaceInfo/RaceMarkTable?k_raceDate=2025%2F04%2F10&k_raceNo=3&k_babaCode=21,data/cache/html/20250410_kawasaki_3.html
20250410_kawasaki_4,2025-04-10,kawasaki,4,https://www.keiba.go.jp/KeibaWeb/TodayRaceInfo/RaceMarkTable?k_raceDate=2025%2F04%2F10&k_raceNo=4&k_babaCode=21,data/cache/html/20250410_kawasaki_4.html
20250410_kawasaki_5,2025-04-10,kawasaki,5,https://www.keiba.go.jp/KeibaWeb/TodayRaceInfo/RaceMarkTable?k_raceDate=2025%2F04%2F10&k_raceNo=5&k_babaCode=21,data/cache/html/20250410_kawasaki_5.html
20250410_kawasaki_6,2025-04-10,kawasaki,6,https://www.keiba.go.jp/KeibaWeb/TodayRaceInfo/RaceMarkTable?k_raceDate=2025%2F04%2F10&k_raceNo=6&k_babaCode=21,data/cache/html/20250410_kawasaki_6.html
20250410_kawasaki_7,2025-04-10,kawasaki,7,https://www.keiba.go.jp/KeibaWeb/TodayRaceInfo/RaceMarkTable?k_raceDate=2025%2F04%2F10&k_raceNo=7&k_babaCode=21,data/cache/html/20250410_kawasaki_7.html
20250410_kawasaki_8,2025-04-10,kawasaki,8,https://www.keiba.go.jp/KeibaWeb/TodayRaceInfo/RaceMarkTable?k_raceDate=2025%2F04%2F10&k_raceNo=8&k_babaCode=21,data/cache/html/20250410_kawasaki_8.html
20250410_kawasaki_9,2025-04-10,kawasaki,9,https://www.keiba.go.jp/KeibaWeb/TodayRaceInfo/RaceMarkTable?k_raceDate=2025%2F04%2F10&k_raceNo=9&k_babaCode=21,data/cache/html/20250410_kawasaki_9.html
20250410_kawasaki_10,2025-04-10,kawasaki,10,https://www.keiba.go.jp/KeibaWeb/TodayRaceInfo/RaceMarkTable?k_raceDate=2025%2F04%2F10&k_raceNo=10&k_babaCode=21,data/cache/html/20250410_kawasaki_10.html
20250410_kawasaki_11,2025-04-10,kawasaki,11,https://www.keiba.go.jp/KeibaWeb/TodayRaceInfo/RaceMarkTable?k_raceDate=2025%2F04%2F10&k_raceNo=11&k_babaCode=21,data/cache/html/20250410_kawasaki_11.html
20250410_kawasaki_12,2025-04-10,kawasaki,12,https://www.keiba.go.jp/KeibaWeb/TodayRaceInfo/RaceMarkTable?k_raceDate=2025%2F04%2F10&k_raceNo=12&k_babaCode=21,data/cache/html/20250410_kawasaki_12.html
20250409_kawasaki_1,2025-04-09,kawasaki,1,https://www.keiba.go.jp/KeibaWeb/TodayRaceInfo/RaceMarkTable?k_raceDate=2025%2F04%2F09&k_raceNo=1&k_babaCode=21,data/cache/html/20250409_kawasaki_1.html
20250409_kawasaki_2,2025-04-09,kawasaki,2,https://www.keiba.go.jp/KeibaWeb/TodayRaceInfo/RaceMarkTable?k_raceDate=2025%2F04%2F09&k_raceNo=2&k_babaCode=21,data/cache/html/20250409_kawasaki_2.html
20250409_kawasaki_3,2025-04-09,kawasaki,3,https://www.keiba.go.jp/KeibaWeb/TodayRaceInfo/RaceMarkTable?k_raceDate=2025%2F04%2F09&k_raceNo=3&k_babaCode=21,data/cache/html/20250409_kawasaki_3.html
20250409_kawasaki_4,2025-04-09,kawasaki,4,https://www.keiba.go.jp/KeibaWeb/TodayRaceInfo/RaceMarkTable?k_raceDate=2025%2F04%2F09&k_raceNo=4&k_babaCode=21,data/cache/html/20250409_kawasaki_4.html
20250409_kawasaki_5,2025-04-09,kawasaki,5,https://www.keiba.go.jp/KeibaWeb/TodayRaceInfo/RaceMarkTable?k_raceDate=2025%2F04%2F09&k_raceNo=5&k_babaCode=21,data/cache/html/20250409_kawasaki_5.html
20250409_kawasaki_6,2025-04-09,kawasaki,6,https://www.keiba.go.jp/KeibaWeb/TodayRaceInfo/RaceMarkTable?k_raceDate=2025%2F04%2F09&k_raceNo=6&k_babaCode=21,data/cache/html/20250409_kawasaki_6.html
20250409_kawasaki_7,2025-04-09,kawasaki,7,https://www.keiba.go.jp/KeibaWeb/TodayRaceInfo/RaceMarkTable?k_raceDate=2025%2F04%2F09&k_raceNo=7&k_babaCode=21,data/cache/html/20250409_kawasaki_7.html
20250409_kawasaki_8,2025-04-09,kawasaki,8,https://www.keiba.go.jp/KeibaWeb/TodayRaceInfo/RaceMarkTable?k_raceDate=2025%2F04%2F09&k_raceNo=8&k_babaCode=21,data/cache/html/20250409_kawasaki_8.html
20250409_kawasaki_9,2025-04-09,kawasaki,9,https://www.keiba.go.jp/KeibaWeb/TodayRaceInfo/RaceMarkTable?k_raceDate=2025%2F04%2F09&k_raceNo=9&k_babaCode=21,data/cache/html/20250409_kawasaki_9.html
20250409_kawasaki_10,2025-04-09,kawasaki,10,https://www.keiba.go.jp/KeibaWeb/TodayRaceInfo/RaceMarkTable?k_raceDate=2025%2F04%2F09&k_raceNo=10&k_babaCode=21,data/cache/html/20250409_kawasaki_10.html
20250409_kawasaki_11,2025-04-09,kawasaki,11,https://www.keiba.go.jp/KeibaWeb/TodayRaceInfo/RaceMarkTable?k_raceDate=2025%2F04%2F09&k_raceNo=11&k_babaCode=21,data/cache/html/20250409_kawasaki_11.html
20250409_kawasaki_12,2025-04-09,kawasaki,12,https://www.keiba.go.jp/KeibaWeb/TodayRaceInfo/RaceMarkTable?k_raceDate=2025%2F04%2F09&k_raceNo=12&k_babaCode=21,data/cache/html/20250409_kawasaki_12.html
20250408_kawasaki_1,2025-04-08,kawasaki,1,https://www.keiba.go.jp/KeibaWeb/TodayRaceInfo/RaceMarkTable?k_raceDate=2025%2F04%2F08&k_raceNo=1&k_babaCode=21,data/cache/html/20250408_kawasaki_1.html
20250408_kawasaki_2,2025-04-08,kawasaki,2,https://www.keiba.go.jp/KeibaWeb/TodayRaceInfo/RaceMarkTable?k_raceDate=2025%2F04%2F08&k_raceNo=2&k_babaCode=21,data/cache/html/20250408_kawasaki_2.html
20250408_kawasaki_3,2025-04-08,kawasaki,3,https://www.keiba.go.jp/KeibaWeb/TodayRaceInfo/RaceMarkTable?k_raceDate=2025%2F04%2F08&k_raceNo=3&k_babaCode=21,data/cache/html/20250408_kawasaki_3.html
20250408_kawasaki_4,2025-04-08,kawasaki,4,https://www.keiba.go.jp/KeibaWeb/TodayRaceInfo/RaceMarkTable?k_raceDate=2025%2F04%2F08&k_raceNo=4&k_babaCode=21,data/cache/html/20250408_kawasaki_4.html
20250408_kawasaki_5,2025-04-08,kawasaki,5,https://www.keiba.go.jp/KeibaWeb/TodayRaceInfo/RaceMarkTable?k_raceDate=2025%2F04%2F08&k_raceNo=5&k_babaCode=21,data/cache/html/20250408_kawasaki_5.html
20250408_kawasaki_6,2025-04-08,kawasaki,6,https://www.keiba.go.jp/KeibaWeb/TodayRaceInfo/RaceMarkTable?k_raceDate=2025%2F04%2F08&k_raceNo=6&k_babaCode=21,data/cache/html/20250408_kawasaki_6.html
20250408_kawasaki_7,2025-04-08,kawasaki,7,https://www.keiba.go.jp/KeibaWeb/TodayRaceInfo/RaceMarkTable?k_raceDate=2025%2F04%2F08&k_raceNo=7&k_babaCode=21,data/cache/html/20250408_kawasaki_7.html
20250408_kawasaki_8,2025-04-08,kawasaki,8,https://www.keiba.go.jp/KeibaWeb/TodayRaceInfo/RaceMarkTable?k_raceDate=2025%2F04%2F08&k_raceNo=8&k_babaCode=21,data/cache/html/20250408_kawasaki_8.html
20250408_kawasaki_9,2025-04-08,kawasaki,9,https://www.keiba.go.jp/KeibaWeb/TodayRaceInfo/RaceMarkTable?k_raceDate=2025%2F04%2F08&k_raceNo=9&k_babaCode=21,data/cache/html/20250408_kawasaki_9.html
20250408_kawasaki_10,2025-04-08,kawasaki,10,https://www.keiba.go.jp/KeibaWeb/TodayRaceInfo/RaceMarkTable?k_raceDate=2025%2F04%2F08&k_raceNo=10&k_babaCode=21,data/cache/html/20250408_kawasaki_10.html
20250408_kawasaki_11,2025-04-08,kawasaki,11,https://www.keiba.go.jp/KeibaWeb/TodayRaceInfo/RaceMarkTable?k_raceDate=2025%2F04%2F08&k_raceNo=11&k_babaCode=21,data/cache/html/20250408_kawasaki_11.html
20250408_kawasaki_12,2025-04-08,kawasaki,12,https://www.keiba.go.jp/KeibaWeb/TodayRaceInfo/RaceMarkTable?k_raceDate=2025%2F04%2F08&k_raceNo=12&k_babaCode=21,data/cache/html/20250408_kawasaki_12.html
20250407_kawasaki_1,2025-04-07,kawasaki,1,https://www.keiba.go.jp/KeibaWeb/TodayRaceInfo/RaceMarkTable?k_raceDate=2025%2F04%2F07&k_raceNo=1&k_babaCode=21,data/cache/html/20250407_kawasaki_1.html
20250407_kawasaki_2,2025-04-07,kawasaki,2,https://www.keiba.go.jp/KeibaWeb/TodayRaceInfo/RaceMarkTable?k_raceDate=2025%2F04%2F07&k_raceNo=2&k_babaCode=21,data/cache/html/20250407_kawasaki_2.html
20250407_kawasaki_3,2025-04-07,kawasaki,3,https://www.keiba.go.jp/KeibaWeb/TodayRaceInfo/RaceMarkTable?k_raceDate=2025%2F04%2F07&k_raceNo=3&k_babaCode=21,data/cache/html/20250407_kawasaki_3.html
20250407_kawasaki_4,2025-04-07,kawasaki,4,https://www.keiba.go.jp/KeibaWeb/TodayRaceInfo/RaceMarkTable?k_raceDate=2025%2F04%2F07&k_raceNo=4&k_babaCode=21,data/cache/html/20250407_kawasaki_4.html
20250407_kawasaki_5,2025-04-07,kawasaki,5,https://www.keiba.go.jp/KeibaWeb/TodayRaceInfo/RaceMarkTable?k_raceDate=2025%2F04%2F07&k_raceNo=5&k_babaCode=21,data/cache/html/20250407_kawasaki_5.html
20250407_kawasaki_6,2025-04-07,kawasaki,6,https://www.keiba.go.jp/KeibaWeb/TodayRaceInfo/RaceMarkTable?k_raceDate=2025%2F04%2F07&k_raceNo=6&k_babaCode=21,data/cache/html/20250407_kawasaki_6.html
20250407_kawasaki_7,2025-04-07,kawasaki,7,https://www.keiba.go.jp/KeibaWeb/TodayRaceInfo/RaceMarkTable?k_raceDate=2025%2F04%2F07&k_raceNo=7&k_babaCode=21,data/cache/html/20250407_kawasaki_7.html
20250407_kawasaki_8,2025-04-07,kawasaki,8,https://www.keiba.go.jp/KeibaWeb/TodayRaceInfo/RaceMarkTable?k_raceDate=2025%2F04%2F07&k_raceNo=8&k_babaCode=21,data/cache/html/20250407_kawasaki_8.html
20250407_kawasaki_9,2025-04-07,kawasaki,9,https://www.keiba.go.jp/KeibaWeb/TodayRaceInfo/RaceMarkTable?k_raceDate=2025%2F04%2F07&k_raceNo=9&k_babaCode=21,data/cache/html/20250407_kawasaki_9.html
20250407_kawasaki_10,2025-04-07,kawasaki,10,https://www.keiba.go.jp/KeibaWeb/TodayRaceInfo/RaceMarkTable?k_raceDate=2025%2F04%2F07&k_raceNo=10&k_babaCode=21,data/cache/html/20250407_kawasaki_10.html
20250407_kawasaki_11,2025-04-07,kawasaki,11,https://www.keiba.go.jp/KeibaWeb/TodayRaceInfo/RaceMarkTable?k_raceDate=2025%2F04%2F07&k_raceNo=11&k_babaCode=21,data/cache/html/20250407_kawasaki_11.html
20250407_kawasaki_12,2025-04-07,kawasaki,12,https://www.keiba.go.jp/KeibaWeb/TodayRaceInfo/RaceMarkTable?k_raceDate=2025%2F04%2F07&k_raceNo=12&k_babaCode=21,data/cache/html/20250407_kawasaki_12.html
20250411_kawasaki_1,2025-04-11,kawasaki,1,https://www.keiba.go.jp/KeibaWeb/TodayRaceInfo/RaceMarkTable?k_raceDate=2025%2F04%2F11&k_raceNo=1&k_babaCode=21,data/cache/html/20250411_kawasaki_1.html
20250411_kawasaki_2,2025-04-11,kawasaki,2,https://www.keiba.go.jp/KeibaWeb/TodayRaceInfo/RaceMarkTable?k_raceDate=2025%2F04%2F11&k_raceNo=2&k_babaCode=21,data/cache/html/20250411_kawasaki_2.html
20250411_kawasaki_3,2025-04-11,kawasaki,3,https://www.keiba.go.jp/KeibaWeb/TodayRaceInfo/RaceMarkTable?k_raceDate=2025%2F04%2F11&k_raceNo=3&k_babaCode=21,data/cache/html/20250411_kawasaki_3.html
20250411_kawasaki_4,2025-04-11,kawasaki,4,https://www.keiba.go.jp/KeibaWeb/TodayRaceInfo/RaceMarkTable?k_raceDate=2025%2F04%2F11&k_raceNo=4&k_babaCode=21,data/cache/html/20250411_kawasaki_4.html
20250411_kawasaki_5,2025-04-11,kawasaki,5,https://www.keiba.go.jp/KeibaWeb/TodayRaceInfo/RaceMarkTable?k_raceDate=2025%2F04%2F11&k_raceNo=5&k_babaCode=21,data/cache/html/20250411_kawasaki_5.html
20250411_kawasaki_6,2025-04-11,kawasaki,6,https://www.keiba.go.jp/KeibaWeb/TodayRaceInfo/RaceMarkTable?k_raceDate=2025%2F04%2F11&k_raceNo=6&k_babaCode=21,data/cache/html/20250411_kawasaki_6.html
20250411_kawasaki_7,2025-04-11,kawasaki,7,https://www.keiba.go.jp/KeibaWeb/TodayRaceInfo/RaceMarkTable?k_raceDate=2025%2F04%2F11&k_raceNo=7&k_babaCode=21,data/cache/html/20250411_kawasaki_7.html
20250411_kawasaki_11,2025-04-11,kawasaki,11,https://www.keiba.go.jp/KeibaWeb/TodayRaceInfo/RaceMarkTable?k_raceDate=2025%2F04%2F11&k_raceNo=11&k_babaCode=21,data/cache/html/20250411_kawasaki_11.html
20250411_kawasaki_12,2025-04-11,kawasaki,12,https://www.keiba.go.jp/KeibaWeb/TodayRaceInfo/RaceMarkTable?k_raceDate=2025%2F04%2F11&k_raceNo=12&k_babaCode=21,data/cache/html/20250411_kawasaki_12.html
20250307_kawasaki_1,2025-03-07,kawasaki,1,https://www.keiba.go.jp/KeibaWeb/TodayRaceInfo/RaceMarkTable?k_raceDate=2025%2F03%2F07&k_raceNo=1&k_babaCode=21,data/cache/html/20250307_kawasaki_1.html
20250307_kawasaki_2,2025-03-07,kawasaki,2,https://www.keiba.go.jp/KeibaWeb/TodayRaceInfo/RaceMarkTable?k_raceDate=2025%2F03%2F07&k_raceNo=2&k_babaCode=21,data/cache/html/20250307_kawasaki_2.html
20250307_kawasaki_3,2025-03-07,kawasaki,3,https://www.keiba.go.jp/KeibaWeb/TodayRaceInfo/RaceMarkTable?k_raceDate=2025%2F03%2F07&k_raceNo=3&k_babaCode=21,data/cache/html/20250307_kawasaki_3.html
20250307_kawasaki_4,2025-03-07,kawasaki,4,https://www.keiba.go.jp/KeibaWeb/TodayRaceInfo/RaceMarkTable?k_raceDate=2025%2F03%2F07&k_raceNo=4&k_babaCode=21,data/cache/html/20250307_kawasaki_4.html
20250307_kawasaki_5,2025-03-07,kawasaki,5,https://www.keiba.go.jp/KeibaWeb/TodayRaceInfo/RaceMarkTable?k_raceDate=2025%2F03%2F07&k_raceNo=5&k_babaCode=21,data/cache/html/20250307_kawasaki_5.html
20250307_kawasaki_6,2025-03-07,kawasaki,6,https://www.keiba.go.jp/KeibaWeb/TodayRaceInfo/RaceMarkTable?k_raceDate=2025%2F03%2F07&k_raceNo=6&k_babaCode=21,data/cache/html/20250307_kawasaki_6.html
20250307_kawasaki_7,2025-03-07,kawasaki,7,https://www.keiba.go.jp/KeibaWeb/TodayRaceInfo/RaceMarkTable?k_raceDate=2025%2F03%2F07&k_raceNo=7&k_babaCode=21,data/cache/html/20250307_kawasaki_7.html
20250307_kawasaki_8,2025-03-07,kawasaki,8,https://www.keiba.go.jp/KeibaWeb/TodayRaceInfo/RaceMarkTable?k_raceDate=2025%2F03%2F07&k_raceNo=8&k_babaCode=21,data/cache/html/20250307_kawasaki_8.html
20250307_kawasaki_9,2025-03-07,kawasaki,9,https://www.keiba.go.jp/KeibaWeb/TodayRaceInfo/RaceMarkTable?k_raceDate=2025%2F03%2F07&k_raceNo=9&k_babaCode=21,data/cache/html/20250307_kawasaki_9.html
20250307_kawasaki_10,2025-03-07,kawasaki,10,https://www.keiba.go.jp/KeibaWeb/TodayRaceInfo/RaceMarkTable?k_raceDate=2025%2F03%2F07&k_raceNo=10&k_babaCode=21,data/cache/html/20250307_kawasaki_10.html
20250307_kawasaki_11,2025-03-07,kawasaki,11,https://www.keiba.go.jp/KeibaWeb/TodayRaceInfo/RaceMarkTable?k_raceDate=2025%2F03%2F07&k_raceNo=11&k_babaCode=21,data/cache/html/20250307_kawasaki_11.html
20250307_kawasaki_12,2025-03-07,kawasaki,12,https://www.keiba.go.jp/KeibaWeb/TodayRaceInfo/RaceMarkTable?k_raceDate=2025%2F03%2F07&k_raceNo=12&k_babaCode=21,data/cache/html/20250307_kawasaki_12.html
20250306_kawasaki_1,2025-03-06,kawasaki,1,https://www.keiba.go.jp/KeibaWeb/TodayRaceInfo/RaceMarkTable?k_raceDate=2025%2F03%2F06&k_raceNo=1&k_babaCode=21,data/cache/html/20250306_kawasaki_1.html
20250306_kawasaki_2,2025-03-06,kawasaki,2,https://www.keiba.go.jp/KeibaWeb/TodayRaceInfo/RaceMarkTable?k_raceDate=2025%2F03%2F06&k_raceNo=2&k_babaCode=21,data/cache/html/20250306_kawasaki_2.html
20250306_kawasaki_3,2025-03-06,kawasaki,3,https://www.keiba.go.jp/KeibaWeb/TodayRaceInfo/RaceMarkTable?k_raceDate=2025%2F03%2F06&k_raceNo=3&k_babaCode=21,data/cache/html/20250306_kawasaki_3.html
20250306_kawasaki_4,2025-03-06,kawasaki,4,https://www.keiba.go.jp/KeibaWeb/TodayRaceInfo/RaceMarkTable?k_raceDate=2025%2F03%2F06&k_raceNo=4&k_babaCode=21,data/cache/html/20250306_kawasaki_4.html
20250306_kawasaki_5,2025-03-06,kawasaki,5,https://www.keiba.go.jp/KeibaWeb/TodayRaceInfo/RaceMarkTable?k_raceDate=2025%2F03%2F06&k_raceNo=5&k_babaCode=21,data/cache/html/20250306_kawasaki_5.html
20250306_kawasaki_6,2025-03-06,kawasaki,6,https://www.keiba.go.jp/KeibaWeb/TodayRaceInfo/RaceMarkTable?k_raceDate=2025%2F03%2F06&k_raceNo=6&k_babaCode=21,data/cache/html/20250306_kawasaki_6.html
20250306_kawasaki_7,2025-03-06,kawasaki,7,https://www.keiba.go.jp/KeibaWeb/TodayRaceInfo/RaceMarkTable?k_raceDate=2025%2F03%2F06&k_raceNo=7&k_babaCode=21,data/cache/html/20250306_kawasaki_7.html
20250306_kawasaki_8,2025-03-06,kawasaki,8,https://www.keiba.go.jp/KeibaWeb/TodayRaceInfo/RaceMarkTable?k_raceDate=2025%2F03%2F06&k_raceNo=8&k_babaCode=21,data/cache/html/20250306_kawasaki_8.html
20250306_kawasaki_9,2025-03-06,kawasaki,9,https://www.keiba.go.jp/KeibaWeb/TodayRaceInfo/RaceMarkTable?k_raceDate=2025%2F03%2F06&k_raceNo=9&k_babaCode=21,data/cache/html/20250306_kawasaki_9.html
20250306_kawasaki_10,2025-03-06,kawasaki,10,https://www.keiba.go.jp/KeibaWeb/TodayRaceInfo/RaceMarkTable?k_raceDate=2025%2F03%2F06&k_raceNo=10&k_babaCode=21,data/cache/html/20250306_kawasaki_10.html
20250306_kawasaki_11,2025-03-06,kawasaki,11,https://www.keiba.go.jp/KeibaWeb/TodayRaceInfo/RaceMarkTable?k_raceDate=2025%2F03%2F06&k_raceNo=11&k_babaCode=21,data/cache/html/20250306_kawasaki_11.html
20250306_kawasaki_12,2025-03-06,kawasaki,12,https://www.keiba.go.jp/KeibaWeb/TodayRaceInfo/RaceMarkTable?k_raceDate=2025%2F03%2F06&k_raceNo=12&k_babaCode=21,data/cache/html/20250306_kawasaki_12.html
20250305_kawasaki_1,2025-03-05,kawasaki,1,https://www.keiba.go.jp/KeibaWeb/TodayRaceInfo/RaceMarkTable?k_raceDate=2025%2F03%2F05&k_raceNo=1&k_babaCode=21,data/cache/html/20250305_kawasaki_1.html
20250305_kawasaki_2,2025-03-05,kawasaki,2,https://www.keiba.go.jp/KeibaWeb/TodayRaceInfo/RaceMarkTable?k_raceDate=2025%2F03%2F05&k_raceNo=2&k_babaCode=21,data/cache/html/20250305_kawasaki_2.html
20250305_kawasaki_3,2025-03-05,kawasaki,3,https://www.keiba.go.jp/KeibaWeb/TodayRaceInfo/RaceMarkTable?k_raceDate=2025%2F03%2F05&k_raceNo=3&k_babaCode=21,data/cache/html/20250305_kawasaki_3.html
20250305_kawasaki_4,2025-03-05,kawasaki,4,https://www.keiba.go.jp/KeibaWeb/TodayRaceInfo/RaceMarkTable?k_raceDate=2025%2F03%2F05&k_raceNo=4&k_babaCode=21,data/cache/html/20250305_kawasaki_4.html
20250305_kawasaki_5,2025-03-05,kawasaki,5,https://www.keiba.go.jp/KeibaWeb/TodayRaceInfo/RaceMarkTable?k_raceDate=2025%2F03%2F05&k_raceNo=5&k_babaCode=21,data/cache/html/20250305_kawasaki_5.html
20250305_kawasaki_6,2025-03-05,kawasaki,6,https://www.keiba.go.jp/KeibaWeb/TodayRaceInfo/RaceMarkTable?k_raceDate=2025%2F03%2F05&k_raceNo=6&k_babaCode=21,data/cache/html/20250305_kawasaki_6.html
20250305_kawasaki_7,2025-03-05,kawasaki,7,https://www.keiba.go.jp/KeibaWeb/TodayRaceInfo/RaceMarkTable?k_raceDate=2025%2F03%2F05&k_raceNo=7&k_babaCode=21,data/cache/html/20250305_kawasaki_7.html
20250305_kawasaki_8,2025-03-05,kawasaki,8,https://www.keiba.go.jp/KeibaWeb/TodayRaceInfo/RaceMarkTable?k_raceDate=2025%2F03%2F05&k_raceNo=8&k_babaCode=21,data/cache/html/20250305_kawasaki_8.html
20250305_kawasaki_9,2025-03-05,kawasaki,9,https://www.keiba.go.jp/KeibaWeb/TodayRaceInfo/RaceMarkTable?k_raceDate=2025%2F03%2F05&k_raceNo=9&k_babaCode=21,data/cache/html/20250305_kawasaki_9.html
20250305_kawasaki_10,2025-03-05,kawasaki,10,https://www.keiba.go.jp/KeibaWeb/TodayRaceInfo/RaceMarkTable?k_raceDate=2025%2F03%2F05&k_raceNo=10&k_babaCode=21,data/cache/html/20250305_kawasaki_10.html
20250305_kawasaki_11,2025-03-05,kawasaki,11,https://www.keiba.go.jp/KeibaWeb/TodayRaceInfo/RaceMarkTable?k_raceDate=2025%2F03%2F05&k_raceNo=11&k_babaCode=21,data/cache/html/20250305_kawasaki_11.html
20250305_kawasaki_12,2025-03-05,kawasaki,12,https://www.keiba.go.jp/KeibaWeb/TodayRaceInfo/RaceMarkTable?k_raceDate=2025%2F03%2F05&k_raceNo=12&k_babaCode=21,data/cache/html/20250305_kawasaki_12.html
20250304_kawasaki_1,2025-03-04,kawasaki,1,https://www.keiba.go.jp/KeibaWeb/TodayRaceInfo/RaceMarkTable?k_raceDate=2025%2F03%2F04&k_raceNo=1&k_babaCode=21,data/cache/html/20250304_kawasaki_1.html
20250304_kawasaki_2,2025-03-04,kawasaki,2,https://www.keiba.go.jp/KeibaWeb/TodayRaceInfo/RaceMarkTable?k_raceDate=2025%2F03%2F04&k_raceNo=2&k_babaCode=21,data/cache/html/20250304_kawasaki_2.html
20250304_kawasaki_3,2025-03-04,kawasaki,3,https://www.keiba.go.jp/KeibaWeb/TodayRaceInfo/RaceMarkTable?k_raceDate=2025%2F03%2F04&k_raceNo=3&k_babaCode=21,data/cache/html/20250304_kawasaki_3.html
20250304_kawasaki_4,2025-03-04,kawasaki,4,https://www.keiba.go.jp/KeibaWeb/TodayRaceInfo/RaceMarkTable?k_raceDate=2025%2F03%2F04&k_raceNo=4&k_babaCode=21,data/cache/html/20250304_kawasaki_4.html
20250304_kawasaki_5,2025-03-04,kawasaki,5,https://www.keiba.go.jp/KeibaWeb/TodayRaceInfo/RaceMarkTable?k_raceDate=2025%2F03%2F04&k_raceNo=5&k_babaCode=21,data/cache/html/20250304_kawasaki_5.html
20250304_kawasaki_6,2025-03-04,kawasaki,6,https://www.keiba.go.jp/KeibaWeb/TodayRaceInfo/RaceMarkTable?k_raceDate=2025%2F03%2F04&k_raceNo=6&k_babaCode=21,data/cache/html/20250304_kawasaki_6.html
20250304_kawasaki_7,2025-03-04,kawasaki,7,https://www.keiba.go.jp/KeibaWeb/TodayRaceInfo/RaceMarkTable?k_raceDate=2025%2F03%2F04&k_raceNo=7&k_babaCode=21,data/cache/html/20250304_kawasaki_7.html
20250304_kawasaki_8,2025-03-04,kawasaki,8,https://www.keiba.go.jp/KeibaWeb/TodayRaceInfo/RaceMarkTable?k_raceDate=2025%2F03%2F04&k_raceNo=8&k_babaCode=21,data/cache/html/20250304_kawasaki_8.html
20250304_kawasaki_9,2025-03-04,kawasaki,9,https://www.keiba.go.jp/KeibaWeb/TodayRaceInfo/RaceMarkTable?k_raceDate=2025%2F03%2F04&k_raceNo=9&k_babaCode=21,data/cache/html/20250304_kawasaki_9.html
20250304_kawasaki_10,2025-03-04,kawasaki,10,https://www.keiba.go.jp/KeibaWeb/TodayRaceInfo/RaceMarkTable?k_raceDate=2025%2F03%2F04&k_raceNo=10&k_babaCode=21,data/cache/html/20250304_kawasaki_10.html
20250304_kawasaki_11,2025-03-04,kawasaki,11,https://www.keiba.go.jp/KeibaWeb/TodayRaceInfo/RaceMarkTable?k_raceDate=2025%2F03%2F04&k_raceNo=11&k_babaCode=21,data/cache/html/20250304_kawasaki_11.html
20250304_kawasaki_12,2025-03-04,kawasaki,12,https://www.keiba.go.jp/KeibaWeb/TodayRaceInfo/RaceMarkTable?k_raceDate=2025%2F03%2F04&k_raceNo=12&k_babaCode=21,data/cache/html/20250304_kawasaki_12.html
20250303_kawasaki_1,2025-03-03,kawasaki,1,https://www.keiba.go.jp/KeibaWeb/TodayRaceInfo/RaceMarkTable?k_raceDate=2025%2F03%2F03&k_raceNo=1&k_babaCode=21,data/cache/html/20250303_kawasaki_1.html
20250303_kawasaki_2,2025-03-03,kawasaki,2,https://www.keiba.go.jp/KeibaWeb/TodayRaceInfo/RaceMarkTable?k_raceDate=2025%2F03%2F03&k_raceNo=2&k_babaCode=21,data/cache/html/20250303_kawasaki_2.html
20250303_kawasaki_3,2025-03-03,kawasaki,3,https://www.keiba.go.jp/KeibaWeb/TodayRaceInfo/RaceMarkTable?k_raceDate=2025%2F03%2F03&k_raceNo=3&k_babaCode=21,data/cache/html/20250303_kawasaki_3.html
20250303_kawasaki_4,2025-03-03,kawasaki,4,https://www.keiba.go.jp/KeibaWeb/TodayRaceInfo/RaceMarkTable?k_raceDate=2025%2F03%2F03&k_raceNo=4&k_babaCode=21,data/cache/html/20250303_kawasaki_4.html
20250303_kawasaki_5,2025-03-03,kawasaki,5,https://www.keiba.go.jp/KeibaWeb/TodayRaceInfo/RaceMarkTable?k_raceDate=2025%2F03%2F03&k_raceNo=5&k_babaCode=21,data/cache/html/20250303_kawasaki_5.html
20250303_kawasaki_6,2025-03-03,kawasaki,6,https://www.keiba.go.jp/KeibaWeb/TodayRaceInfo/RaceMarkTable?k_raceDate=2025%2F03%2F03&k_raceNo=6&k_babaCode=21,data/cache/html/20250303_kawasaki_6.html
20250303_kawasaki_7,2025-03-03,kawasaki,7,https://www.keiba.go.jp/KeibaWeb/TodayRaceInfo/RaceMarkTable?k_raceDate=2025%2F03%2F03&k_raceNo=7&k_babaCode=21,data/cache/html/20250303_kawasaki_7.html
20250303_kawasaki_8,2025-03-03,kawasaki,8,https://www.keiba.go.jp/KeibaWeb/TodayRaceInfo/RaceMarkTable?k_raceDate=2025%2F03%2F03&k_raceNo=8&k_babaCode=21,data/cache/html/20250303_kawasaki_8.html
20250303_kawasaki_9,2025-03-03,kawasaki,9,https://www.keiba.go.jp/KeibaWeb/TodayRaceInfo/RaceMarkTable?k_raceDate=2025%2F03%2F03&k_raceNo=9&k_babaCode=21,data/cache/html/20250303_kawasaki_9.html
20250303_kawasaki_10,2025-03-03,kawasaki,10,https://www.keiba.go.jp/KeibaWeb/TodayRaceInfo/RaceMarkTable?k_raceDate=2025%2F03%2F03&k_raceNo=10&k_babaCode=21,data/cache/html/20250303_kawasaki_10.html
20250303_kawasaki_11,2025-03-03,kawasaki,11,https://www.keiba.go.jp/KeibaWeb/TodayRaceInfo/RaceMarkTable?k_raceDate=2025%2F03%2F03&k_raceNo=11&k_babaCode=21,data/cache/html/20250303_kawasaki_11.html
20250303_kawasaki_12,2025-03-03,kawasaki,12,https://www.keiba.go.jp/KeibaWeb/TodayRaceInfo/RaceMarkTable?k_raceDate=2025%2F03%2F03&k_raceNo=12&k_babaCode=21,data/cache/html/20250303_kawasaki_12.html
20250207_kawasaki_1,2025-02-07,kawasaki,1,https://www.keiba.go.jp/KeibaWeb/TodayRaceInfo/RaceMarkTable?k_raceDate=2025%2F02%2F07&k_raceNo=1&k_babaCode=21,data/cache/html/20250207_kawasaki_1.html
20250207_kawasaki_2,2025-02-07,kawasaki,2,https://www.keiba.go.jp/KeibaWeb/TodayRaceInfo/RaceMarkTable?k_raceDate=2025%2F02%2F07&k_raceNo=2&k_babaCode=21,data/cache/html/20250207_kawasaki_2.html
20250207_kawasaki_3,2025-02-07,kawasaki,3,https://www.keiba.go.jp/KeibaWeb/TodayRaceInfo/RaceMarkTable?k_raceDate=2025%2F02%2F07&k_raceNo=3&k_babaCode=21,data/cache/html/20250207_kawasaki_3.html
20250207_kawasaki_4,2025-02-07,kawasaki,4,https://www.keiba.go.jp/KeibaWeb/TodayRaceInfo/RaceMarkTable?k_raceDate=2025%2F02%2F07&k_raceNo=4&k_babaCode=21,data/cache/html/20250207_kawasaki_4.html
20250207_kawasaki_5,2025-02-07,kawasaki,5,https://www.keiba.go.jp/KeibaWeb/TodayRaceInfo/RaceMarkTable?k_raceDate=2025%2F02%2F07&k_raceNo=5&k_babaCode=21,data/cache/html/20250207_kawasaki_5.html
20250207_kawasaki_6,2025-02-07,kawasaki,6,https://www.keiba.go.jp/KeibaWeb/TodayRaceInfo/RaceMarkTable?k_raceDate=2025%2F02%2F07&k_raceNo=6&k_babaCode=21,data/cache/html/20250207_kawasaki_6.html
20250207_kawasaki_7,2025-02-07,kawasaki,7,https://www.keiba.go.jp/KeibaWeb/TodayRaceInfo/RaceMarkTable?k_raceDate=2025%2F02%2F07&k_raceNo=7&k_babaCode=21,data/cache/html/20250207_kawasaki_7.html
20250207_kawasaki_8,2025-02-07,kawasaki,8,https://www.keiba.go.jp/KeibaWeb/TodayRaceInfo/RaceMarkTable?k_raceDate=2025%2F02%2F07&k_raceNo=8&k_babaCode=21,data/cache/html/20250207_kawasaki_8.html
20250207_kawasaki_9,2025-02-07,kawasaki,9,https://www.keiba.go.jp/KeibaWeb/TodayRaceInfo/RaceMarkTable?k_raceDate=2025%2F02%2F07&k_raceNo=9&k_babaCode=21,data/cache/html/20250207_kawasaki_9.html
20250207_kawasaki_10,2025-02-07,kawasaki,10,https://www.keiba.go.jp/KeibaWeb/TodayRaceInfo/RaceMarkTable?k_raceDate=2025%2F02%2F07&k_raceNo=10&k_babaCode=21,data/cache/html/20250207_kawasaki_10.html
20250207_kawasaki_11,2025-02-07,kawasaki,11,https://www.keiba.go.jp/KeibaWeb/TodayRaceInfo/RaceMarkTable?k_raceDate=2025%2F02%2F07&k_raceNo=11&k_babaCode=21,data/cache/html/20250207_kawasaki_11.html
20250207_kawasaki_12,2025-02-07,kawasaki,12,https://www.keiba.go.jp/KeibaWeb/TodayRaceInfo/RaceMarkTable?k_raceDate=2025%2F02%2F07&k_raceNo=12&k_babaCode=21,data/cache/html/20250207_kawasaki_12.html
20250206_kawasaki_1,2025-02-06,kawasaki,1,https://www.keiba.go.jp/KeibaWeb/TodayRaceInfo/RaceMarkTable?k_raceDate=2025%2F02%2F06&k_raceNo=1&k_babaCode=21,data/cache/html/20250206_kawasaki_1.html
20250206_kawasaki_2,2025-02-06,kawasaki,2,https://www.keiba.go.jp/KeibaWeb/TodayRaceInfo/RaceMarkTable?k_raceDate=2025%2F02%2F06&k_raceNo=2&k_babaCode=21,data/cache/html/20250206_kawasaki_2.html
20250206_kawasaki_3,2025-02-06,kawasaki,3,https://www.keiba.go.jp/KeibaWeb/TodayRaceInfo/RaceMarkTable?k_raceDate=2025%2F02%2F06&k_raceNo=3&k_babaCode=21,data/cache/html/20250206_kawasaki_3.html
20250206_kawasaki_4,2025-02-06,kawasaki,4,https://www.keiba.go.jp/KeibaWeb/TodayRaceInfo/RaceMarkTable?k_raceDate=2025%2F02%2F06&k_raceNo=4&k_babaCode=21,data/cache/html/20250206_kawasaki_4.html
20250206_kawasaki_5,2025-02-06,kawasaki,5,https://www.keiba.go.jp/KeibaWeb/TodayRaceInfo/RaceMarkTable?k_raceDate=2025%2F02%2F06&k_raceNo=5&k_babaCode=21,data/cache/html/20250206_kawasaki_5.html
20250206_kawasaki_6,2025-02-06,kawasaki,6,https://www.keiba.go.jp/KeibaWeb/TodayRaceInfo/RaceMarkTable?k_raceDate=2025%2F02%2F06&k_raceNo=6&k_babaCode=21,data/cache/html/20250206_kawasaki_6.html
20250206_kawasaki_7,2025-02-06,kawasaki,7,https://www.keiba.go.jp/KeibaWeb/TodayRaceInfo/RaceMarkTable?k_raceDate=2025%2F02%2F06&k_raceNo=7&k_babaCode=21,data/cache/html/20250206_kawasaki_7.html
20250206_kawasaki_8,2025-02-06,kawasaki,8,https://www.keiba.go.jp/KeibaWeb/TodayRaceInfo/RaceMarkTable?k_raceDate=2025%2F02%2F06&k_raceNo=8&k_babaCode=21,data/cache/html/20250206_kawasaki_8.html
20250206_kawasaki_9,2025-02-06,kawasaki,9,https://www.keiba.go.jp/KeibaWeb/TodayRaceInfo/RaceMarkTable?k_raceDate=2025%2F02%2F06&k_raceNo=9&k_babaCode=21,data/cache/html/20250206_kawasaki_9.html
20250206_kawasaki_10,2025-02-06,kawasaki,10,https://www.keiba.go.jp/KeibaWeb/TodayRaceInfo/RaceMarkTable?k_raceDate=2025%2F02%2F06&k_raceNo=10&k_babaCode=21,data/cache/html/20250206_kawasaki_10.html
20250206_kawasaki_11,2025-02-06,kawasaki,11,https://www.keiba.go.jp/KeibaWeb/TodayRaceInfo/RaceMarkTable?k_raceDate=2025%2F02%2F06&k_raceNo=11&k_babaCode=21,data/cache/html/20250206_kawasaki_11.html
20250206_kawasaki_12,2025-02-06,kawasaki,12,https://www.keiba.go.jp/KeibaWeb/TodayRaceInfo/RaceMarkTable?k_raceDate=2025%2F02%2F06&k_raceNo=12&k_babaCode=21,data/cache/html/20250206_kawasaki_12.html
20250205_kawasaki_1,2025-02-05,kawasaki,1,https://www.keiba.go.jp/KeibaWeb/TodayRaceInfo/RaceMarkTable?k_raceDate=2025%2F02%2F05&k_raceNo=1&k_babaCode=21,data/cache/html/20250205_kawasaki_1.html
20250205_kawasaki_2,2025-02-05,kawasaki,2,https://www.keiba.go.jp/KeibaWeb/TodayRaceInfo/RaceMarkTable?k_raceDate=2025%2F02%2F05&k_raceNo=2&k_babaCode=21,data/cache/html/20250205_kawasaki_2.html
20250205_kawasaki_3,2025-02-05,kawasaki,3,https://www.keiba.go.jp/KeibaWeb/TodayRaceInfo/RaceMarkTable?k_raceDate=2025%2F02%2F05&k_raceNo=3&k_babaCode=21,data/cache/html/20250205_kawasaki_3.html
20250205_kawasaki_4,2025-02-05,kawasaki,4,https://www.keiba.go.jp/KeibaWeb/TodayRaceInfo/RaceMarkTable?k_raceDate=2025%2F02%2F05&k_raceNo=4&k_babaCode=21,data/cache/html/20250205_kawasaki_4.html
20250205_kawasaki_5,2025-02-05,kawasaki,5,https://www.keiba.go.jp/KeibaWeb/TodayRaceInfo/RaceMarkTable?k_raceDate=2025%2F02%2F05&k_raceNo=5&k_babaCode=21,data/cache/html/20250205_kawasaki_5.html
20250205_kawasaki_6,2025-02-05,kawasaki,6,https://www.keiba.go.jp/KeibaWeb/TodayRaceInfo/RaceMarkTable?k_raceDate=2025%2F02%2F05&k_raceNo=6&k_babaCode=21,data/cache/html/20250205_kawasaki_6.html
20250205_kawasaki_7,2025-02-05,kawasaki,7,https://www.keiba.go.jp/KeibaWeb/TodayRaceInfo/RaceMarkTable?k_raceDate=2025%2F02%2F05&k_raceNo=7&k_babaCode=21,data/cache/html/20250205_kawasaki_7.html
20250205_kawasaki_8,2025-02-05,kawasaki,8,https://www.keiba.go.jp/KeibaWeb/TodayRaceInfo/RaceMarkTable?k_raceDate=2025%2F02%2F05&k_raceNo=8&k_babaCode=21,data/cache/html/20250205_kawasaki_8.html
20250205_kawasaki_9,2025-02-05,kawasaki,9,https://www.keiba.go.jp/KeibaWeb/TodayRaceInfo/RaceMarkTable?k_raceDate=2025%2F02%2F05&k_raceNo=9&k_babaCode=21,data/cache/html/20250205_kawasaki_9.html
20250205_kawasaki_10,2025-02-05,kawasaki,10,https://www.keiba.go.jp/KeibaWeb/TodayRaceInfo/RaceMarkTable?k_raceDate=2025%2F02%2F05&k_raceNo=10&k_babaCode=21,data/cache/html/20250205_kawasaki_10.html
20250205_kawasaki_11,2025-02-05,kawasaki,11,https://www.keiba.go.jp/KeibaWeb/TodayRaceInfo/RaceMarkTable?k_raceDate=2025%2F02%2F05&k_raceNo=11&k_babaCode=21,data/cache/html/20250205_kawasaki_11.html
20250205_kawasaki_12,2025-02-05,kawasaki,12,https://www.keiba.go.jp/KeibaWeb/TodayRaceInfo/RaceMarkTable?k_raceDate=2025%2F02%2F05&k_raceNo=12&k_babaCode=21,data/cache/html/20250205_kawasaki_12.html
20250204_kawasaki_1,2025-02-04,kawasaki,1,https://www.keiba.go.jp/KeibaWeb/TodayRaceInfo/RaceMarkTable?k_raceDate=2025%2F02%2F04&k_raceNo=1&k_babaCode=21,data/cache/html/20250204_kawasaki_1.html
20250204_kawasaki_2,2025-02-04,kawasaki,2,https://www.keiba.go.jp/KeibaWeb/TodayRaceInfo/RaceMarkTable?k_raceDate=2025%2F02%2F04&k_raceNo=2&k_babaCode=21,data/cache/html/20250204_kawasaki_2.html
20250204_kawasaki_3,2025-02-04,kawasaki,3,https://www.keiba.go.jp/KeibaWeb/TodayRaceInfo/RaceMarkTable?k_raceDate=2025%2F02%2F04&k_raceNo=3&k_babaCode=21,data/cache/html/20250204_kawasaki_3.html
20250204_kawasaki_4,2025-02-04,kawasaki,4,https://www.keiba.go.jp/KeibaWeb/TodayRaceInfo/RaceMarkTable?k_raceDate=2025%2F02%2F04&k_raceNo=4&k_babaCode=21,data/cache/html/20250204_kawasaki_4.html
20250204_kawasaki_5,2025-02-04,kawasaki,5,https://www.keiba.go.jp/KeibaWeb/TodayRaceInfo/RaceMarkTable?k_raceDate=2025%2F02%2F04&k_raceNo=5&k_babaCode=21,data/cache/html/20250204_kawasaki_5.html
20250204_kawasaki_6,2025-02-04,kawasaki,6,https://www.keiba.go.jp/KeibaWeb/TodayRaceInfo/RaceMarkTable?k_raceDate=2025%2F02%2F04&k_raceNo=6&k_babaCode=21,data/cache/html/20250204_kawasaki_6.html
20250204_kawasaki_7,2025-02-04,kawasaki,7,https://www.keiba.go.jp/KeibaWeb/TodayRaceInfo/RaceMarkTable?k_raceDate=2025%2F02%2F04&k_raceNo=7&k_babaCode=21,data/cache/html/20250204_kawasaki_7.html
20250204_kawasaki_8,2025-02-04,kawasaki,8,https://www.keiba.go.jp/KeibaWeb/TodayRaceInfo/RaceMarkTable?k_raceDate=2025%2F02%2F04&k_raceNo=8&k_babaCode=21,data/cache/html/20250204_kawasaki_8.html
20250204_kawasaki_9,2025-02-04,kawasaki,9,https://www.keiba.go.jp/KeibaWeb/TodayRaceInfo/RaceMarkTable?k_raceDate=2025%2F02%2F04&k_raceNo=9&k_babaCode=21,data/cache/html/20250204_kawasaki_9.html
20250204_kawasaki_10,2025-02-04,kawasaki,10,https://www.keiba.go.jp/KeibaWeb/TodayRaceInfo/RaceMarkTable?k_raceDate=2025%2F02%2F04&k_raceNo=10&k_babaCode=21,data/cache/html/20250204_kawasaki_10.html
20250204_kawasaki_11,2025-02-04,kawasaki,11,https://www.keiba.go.jp/KeibaWeb/TodayRaceInfo/RaceMarkTable?k_raceDate=2025%2F02%2F04&k_raceNo=11&k_babaCode=21,data/cache/html/20250204_kawasaki_11.html
20250204_kawasaki_12,2025-02-04,kawasaki,12,https://www.keiba.go.jp/KeibaWeb/TodayRaceInfo/RaceMarkTable?k_raceDate=2025%2F02%2F04&k_raceNo=12&k_babaCode=21,data/cache/html/20250204_kawasaki_12.html
20250104_kawasaki_1,2025-01-04,kawasaki,1,https://www.keiba.go.jp/KeibaWeb/TodayRaceInfo/RaceMarkTable?k_raceDate=2025%2F01%2F04&k_raceNo=1&k_babaCode=21,data/cache/html/20250104_kawasaki_1.html
20250104_kawasaki_2,2025-01-04,kawasaki,2,https://www.keiba.go.jp/KeibaWeb/TodayRaceInfo/RaceMarkTable?k_raceDate=2025%2F01%2F04&k_raceNo=2&k_babaCode=21,data/cache/html/20250104_kawasaki_2.html
20250104_kawasaki_3,2025-01-04,kawasaki,3,https://www.keiba.go.jp/KeibaWeb/TodayRaceInfo/RaceMarkTable?k_raceDate=2025%2F01%2F04&k_raceNo=3&k_babaCode=21,data/cache/html/20250104_kawasaki_3.html
20250104_kawasaki_4,2025-01-04,kawasaki,4,https://www.keiba.go.jp/KeibaWeb/TodayRaceInfo/RaceMarkTable?k_raceDate=2025%2F01%2F04&k_raceNo=4&k_babaCode=21,data/cache/html/20250104_kawasaki_4.html
20250104_kawasaki_5,2025-01-04,kawasaki,5,https://www.keiba.go.jp/KeibaWeb/TodayRaceInfo/RaceMarkTable?k_raceDate=2025%2F01%2F04&k_raceNo=5&k_babaCode=21,data/cache/html/20250104_kawasaki_5.html
20250104_kawasaki_6,2025-01-04,kawasaki,6,https://www.keiba.go.jp/KeibaWeb/TodayRaceInfo/RaceMarkTable?k_raceDate=2025%2F01%2F04&k_raceNo=6&k_babaCode=21,data/cache/html/20250104_kawasaki_6.html
20250104_kawasaki_7,2025-01-04,kawasaki,7,https://www.keiba.go.jp/KeibaWeb/TodayRaceInfo/RaceMarkTable?k_raceDate=2025%2F01%2F04&k_raceNo=7&k_babaCode=21,data/cache/html/20250104_kawasaki_7.html
20250104_kawasaki_8,2025-01-04,kawasaki,8,https://www.keiba.go.jp/KeibaWeb/TodayRaceInfo/RaceMarkTable?k_raceDate=2025%2F01%2F04&k_raceNo=8&k_babaCode=21,data/cache/html/20250104_kawasaki_8.html
20250104_kawasaki_9,2025-01-04,kawasaki,9,https://www.keiba.go.jp/KeibaWeb/TodayRaceInfo/RaceMarkTable?k_raceDate=2025%2F01%2F04&k_raceNo=9&k_babaCode=21,data/cache/html/20250104_kawasaki_9.html
20250104_kawasaki_10,2025-01-04,kawasaki,10,https://www.keiba.go.jp/KeibaWeb/TodayRaceInfo/RaceMarkTable?k_raceDate=2025%2F01%2F04&k_raceNo=10&k_babaCode=21,data/cache/html/20250104_kawasaki_10.html
20250104_kawasaki_11,2025-01-04,kawasaki,11,https://www.keiba.go.jp/KeibaWeb/TodayRaceInfo/RaceMarkTable?k_raceDate=2025%2F01%2F04&k_raceNo=11&k_babaCode=21,data/cache/html/20250104_kawasaki_11.html
20250104_kawasaki_12,2025-01-04,kawasaki,12,https://www.keiba.go.jp/KeibaWeb/TodayRaceInfo/RaceMarkTable?k_raceDate=2025%2F01%2F04&k_raceNo=12&k_babaCode=21,data/cache/html/20250104_kawasaki_12.html
20250103_kawasaki_1,2025-01-03,kawasaki,1,https://www.keiba.go.jp/KeibaWeb/TodayRaceInfo/RaceMarkTable?k_raceDate=2025%2F01%2F03&k_raceNo=1&k_babaCode=21,data/cache/html/20250103_kawasaki_1.html
20250103_kawasaki_2,2025-01-03,kawasaki,2,https://www.keiba.go.jp/KeibaWeb/TodayRaceInfo/RaceMarkTable?k_raceDate=2025%2F01%2F03&k_raceNo=2&k_babaCode=21,data/cache/html/20250103_kawasaki_2.html
20250103_kawasaki_3,2025-01-03,kawasaki,3,https://www.keiba.go.jp/KeibaWeb/TodayRaceInfo/RaceMarkTable?k_raceDate=2025%2F01%2F03&k_raceNo=3&k_babaCode=21,data/cache/html/20250103_kawasaki_3.html
20250103_kawasaki_4,2025-01-03,kawasaki,4,https://www.keiba.go.jp/KeibaWeb/TodayRaceInfo/RaceMarkTable?k_raceDate=2025%2F01%2F03&k_raceNo=4&k_babaCode=21,data/cache/html/20250103_kawasaki_4.html
20250103_kawasaki_5,2025-01-03,kawasaki,5,https://www.keiba.go.jp/KeibaWeb/TodayRaceInfo/RaceMarkTable?k_raceDate=2025%2F01%2F03&k_raceNo=5&k_babaCode=21,data/cache/html/20250103_kawasaki_5.html
20250103_kawasaki_6,2025-01-03,kawasaki,6,https://www.keiba.go.jp/KeibaWeb/TodayRaceInfo/RaceMarkTable?k_raceDate=2025%2F01%2F03&k_raceNo=6&k_babaCode=21,data/cache/html/20250103_kawasaki_6.html
20250103_kawasaki_7,2025-01-03,kawasaki,7,https://www.keiba.go.jp/KeibaWeb/TodayRaceInfo/RaceMarkTable?k_raceDate=2025%2F01%2F03&k_raceNo=7&k_babaCode=21,data/cache/html/20250103_kawasaki_7.html
20250103_kawasaki_8,2025-01-03,kawasaki,8,https://www.keiba.go.jp/KeibaWeb/TodayRaceInfo/RaceMarkTable?k_raceDate=2025%2F01%2F03&k_raceNo=8&k_babaCode=21,data/cache/html/20250103_kawasaki_8.html
20250103_kawasaki_9,2025-01-03,kawasaki,9,https://www.keiba.go.jp/KeibaWeb/TodayRaceInfo/RaceMarkTable?k_raceDate=2025%2F01%2F03&k_raceNo=9&k_babaCode=21,data/cache/html/20250103_kawasaki_9.html
20250103_kawasaki_10,2025-01-03,kawasaki,10,https://www.keiba.go.jp/KeibaWeb/TodayRaceInfo/RaceMarkTable?k_raceDate=2025%2F01%2F03&k_raceNo=10&k_babaCode=21,data/cache/html/20250103_kawasaki_10.html
20250103_kawasaki_11,2025-01-03,kawasaki,11,https://www.keiba.go.jp/KeibaWeb/TodayRaceInfo/RaceMarkTable?k_raceDate=2025%2F01%2F03&k_raceNo=11&k_babaCode=21,data/cache/html/20250103_kawasaki_11.html
20250103_kawasaki_12,2025-01-03,kawasaki,12,https://www.keiba.go.jp/KeibaWeb/TodayRaceInfo/RaceMarkTable?k_raceDate=2025%2F01%2F03&k_raceNo=12&k_babaCode=21,data/cache/html/20250103_kawasaki_12.html
20250102_kawasaki_1,2025-01-02,kawasaki,1,https://www.keiba.go.jp/KeibaWeb/TodayRaceInfo/RaceMarkTable?k_raceDate=2025%2F01%2F02&k_raceNo=1&k_babaCode=21,data/cache/html/20250102_kawasaki_1.html
20250102_kawasaki_2,2025-01-02,kawasaki,2,https://www.keiba.go.jp/KeibaWeb/TodayRaceInfo/RaceMarkTable?k_raceDate=2025%2F01%2F02&k_raceNo=2&k_babaCode=21,data/cache/html/20250102_kawasaki_2.html
20250102_kawasaki_3,2025-01-02,kawasaki,3,https://www.keiba.go.jp/KeibaWeb/TodayRaceInfo/RaceMarkTable?k_raceDate=2025%2F01%2F02&k_raceNo=3&k_babaCode=21,data/cache/html/20250102_kawasaki_3.html
20250102_kawasaki_4,2025-01-02,kawasaki,4,https://www.keiba.go.jp/KeibaWeb/TodayRaceInfo/RaceMarkTable?k_raceDate=2025%2F01%2F02&k_raceNo=4&k_babaCode=21,data/cache/html/20250102_kawasaki_4.html
20250102_kawasaki_5,2025-01-02,kawasaki,5,https://www.keiba.go.jp/KeibaWeb/TodayRaceInfo/RaceMarkTable?k_raceDate=2025%2F01%2F02&k_raceNo=5&k_babaCode=21,data/cache/html/20250102_kawasaki_5.html
20250102_kawasaki_6,2025-01-02,kawasaki,6,https://www.keiba.go.jp/KeibaWeb/TodayRaceInfo/RaceMarkTable?k_raceDate=2025%2F01%2F02&k_raceNo=6&k_babaCode=21,data/cache/html/20250102_kawasaki_6.html
20250102_kawasaki_7,2025-01-02,kawasaki,7,https://www.keiba.go.jp/KeibaWeb/TodayRaceInfo/RaceMarkTable?k_raceDate=2025%2F01%2F02&k_raceNo=7&k_babaCode=21,data/cache/html/20250102_kawasaki_7.html
20250102_kawasaki_8,2025-01-02,kawasaki,8,https://www.keiba.go.jp/KeibaWeb/TodayRaceInfo/RaceMarkTable?k_raceDate=2025%2F01%2F02&k_raceNo=8&k_babaCode=21,data/cache/html/20250102_kawasaki_8.html
20250102_kawasaki_9,2025-01-02,kawasaki,9,https://www.keiba.go.jp/KeibaWeb/TodayRaceInfo/RaceMarkTable?k_raceDate=2025%2F01%2F02&k_raceNo=9&k_babaCode=21,data/cache/html/20250102_kawasaki_9.html
20250102_kawasaki_10,2025-01-02,kawasaki,10,https://www.keiba.go.jp/KeibaWeb/TodayRaceInfo/RaceMarkTable?k_raceDate=2025%2F01%2F02&k_raceNo=10&k_babaCode=21,data/cache/html/20250102_kawasaki_10.html
20250102_kawasaki_11,2025-01-02,kawasaki,11,https://www.keiba.go.jp/KeibaWeb/TodayRaceInfo/RaceMarkTable?k_raceDate=2025%2F01%2F02&k_raceNo=11&k_babaCode=21,data/cache/html/20250102_kawasaki_11.html
20250102_kawasaki_12,2025-01-02,kawasaki,12,https://www.keiba.go.jp/KeibaWeb/TodayRaceInfo/RaceMarkTable?k_raceDate=2025%2F01%2F02&k_raceNo=12&k_babaCode=21,data/cache/html/20250102_kawasaki_12.html
20250101_kawasaki_1,2025-01-01,kawasaki,1,https://www.keiba.go.jp/KeibaWeb/TodayRaceInfo/RaceMarkTable?k_raceDate=2025%2F01%2F01&k_raceNo=1&k_babaCode=21,data/cache/html/20250101_kawasaki_1.html
20250101_kawasaki_2,2025-01-01,kawasaki,2,https://www.keiba.go.jp/KeibaWeb/TodayRaceInfo/RaceMarkTable?k_raceDate=2025%2F01%2F01&k_raceNo=2&k_babaCode=21,data/cache/html/20250101_kawasaki_2.html
20250101_kawasaki_3,2025-01-01,kawasaki,3,https://www.keiba.go.jp/KeibaWeb/TodayRaceInfo/RaceMarkTable?k_raceDate=2025%2F01%2F01&k_raceNo=3&k_babaCode=21,data/cache/html/20250101_kawasaki_3.html
20250101_kawasaki_4,2025-01-01,kawasaki,4,https://www.keiba.go.jp/KeibaWeb/TodayRaceInfo/RaceMarkTable?k_raceDate=2025%2F01%2F01&k_raceNo=4&k_babaCode=21,data/cache/html/20250101_kawasaki_4.html
20250101_kawasaki_5,2025-01-01,kawasaki,5,https://www.keiba.go.jp/KeibaWeb/TodayRaceInfo/RaceMarkTable?k_raceDate=2025%2F01%2F01&k_raceNo=5&k_babaCode=21,data/cache/html/20250101_kawasaki_5.html
20250101_kawasaki_6,2025-01-01,kawasaki,6,https://www.keiba.go.jp/KeibaWeb/TodayRaceInfo/RaceMarkTable?k_raceDate=2025%2F01%2F01&k_raceNo=6&k_babaCode=21,data/cache/html/20250101_kawasaki_6.html
20250101_kawasaki_7,2025-01-01,kawasaki,7,https://www.keiba.go.jp/KeibaWeb/TodayRaceInfo/RaceMarkTable?k_raceDate=2025%2F01%2F01&k_raceNo=7&k_babaCode=21,data/cache/html/20250101_kawasaki_7.html
20250101_kawasaki_8,2025-01-01,kawasaki,8,https://www.keiba.go.jp/KeibaWeb/TodayRaceInfo/RaceMarkTable?k_raceDate=2025%2F01%2F01&k_raceNo=8&k_babaCode=21,data/cache/html/20250101_kawasaki_8.html
20250101_kawasaki_9,2025-01-01,kawasaki,9,https://www.keiba.go.jp/KeibaWeb/TodayRaceInfo/RaceMarkTable?k_raceDate=2025%2F01%2F01&k_raceNo=9&k_babaCode=21,data/cache/html/20250101_kawasaki_9.html
20250101_kawasaki_10,2025-01-01,kawasaki,10,https://www.keiba.go.jp/KeibaWeb/TodayRaceInfo/RaceMarkTable?k_raceDate=2025%2F01%2F01&k_raceNo=10&k_babaCode=21,data/cache/html/20250101_kawasaki_10.html
20250101_kawasaki_11,2025-01-01,kawasaki,11,https://www.keiba.go.jp/KeibaWeb/TodayRaceInfo/RaceMarkTable?k_raceDate=2025%2F01%2F01&k_raceNo=11&k_babaCode=21,data/cache/html/20250101_kawasaki_11.html
20250101_kawasaki_12,2025-01-01,kawasaki,12,https://www.keiba.go.jp/KeibaWeb/TodayRaceInfo/RaceMarkTable?k_raceDate=2025%2F01%2F01&k_raceNo=12&k_babaCode=21,data/cache/html/20250101_kawasaki_12.html
20241213_kawasaki_1,2024-12-13,kawasaki,1,https://www.keiba.go.jp/KeibaWeb/TodayRaceInfo/RaceMarkTable?k_raceDate=2024%2F12%2F13&k_raceNo=1&k_babaCode=21,data/cache/html/20241213_kawasaki_1.html
20241213_kawasaki_2,2024-12-13,kawasaki,2,https://www.keiba.go.jp/KeibaWeb/TodayRaceInfo/RaceMarkTable?k_raceDate=2024%2F12%2F13&k_raceNo=2&k_babaCode=21,data/cache/html/20241213_kawasaki_2.html
20241213_kawasaki_3,2024-12-13,kawasaki,3,https://www.keiba.go.jp/KeibaWeb/TodayRaceInfo/RaceMarkTable?k_raceDate=2024%2F12%2F13&k_raceNo=3&k_babaCode=21,data/cache/html/20241213_kawasaki_3.html
20241213_kawasaki_4,2024-12-13,kawasaki,4,https://www.keiba.go.jp/KeibaWeb/TodayRaceInfo/RaceMarkTable?k_raceDate=2024%2F12%2F13&k_raceNo=4&k_babaCode=21,data/cache/html/20241213_kawasaki_4.html
20241213_kawasaki_5,2024-12-13,kawasaki,5,https://www.keiba.go.jp/KeibaWeb/TodayRaceInfo/RaceMarkTable?k_raceDate=2024%2F12%2F13&k_raceNo=5&k_babaCode=21,data/cache/html/20241213_kawasaki_5.html
20241213_kawasaki_6,2024-12-13,kawasaki,6,https://www.keiba.go.jp/KeibaWeb/TodayRaceInfo/RaceMarkTable?k_raceDate=2024%2F12%2F13&k_raceNo=6&k_babaCode=21,data/cache/html/20241213_kawasaki_6.html
20241213_kawasaki_7,2024-12-13,kawasaki,7,https://www.keiba.go.jp/KeibaWeb/TodayRaceInfo/RaceMarkTable?k_raceDate=2024%2F12%2F13&k_raceNo=7&k_babaCode=21,data/cache/html/20241213_kawasaki_7.html
20241213_kawasaki_8,2024-12-13,kawasaki,8,https://www.keiba.go.jp/KeibaWeb/TodayRaceInfo/RaceMarkTable?k_raceDate=2024%2F12%2F13&k_raceNo=8&k_babaCode=21,data/cache/html/20241213_kawasaki_8.html
20241213_kawasaki_9,2024-12-13,kawasaki,9,https://www.keiba.go.jp/KeibaWeb/TodayRaceInfo/RaceMarkTable?k_raceDate=2024%2F12%2F13&k_raceNo=9&k_babaCode=21,data/cache/html/20241213_kawasaki_9.html
20241213_kawasaki_10,2024-12-13,kawasaki,10,https://www.keiba.go.jp/KeibaWeb/TodayRaceInfo/RaceMarkTable?k_raceDate=2024%2F12%2F13&k_raceNo=10&k_babaCode=21,data/cache/html/20241213_kawasaki_10.html
20241213_kawasaki_11,2024-12-13,kawasaki,11,https://www.keiba.go.jp/KeibaWeb/TodayRaceInfo/RaceMarkTable?k_raceDate=2024%2F12%2F13&k_raceNo=11&k_babaCode=21,data/cache/html/20241213_kawasaki_11.html
20241213_kawasaki_12,2024-12-13,kawasaki,12,https://www.keiba.go.jp/KeibaWeb/TodayRaceInfo/RaceMarkTable?k_raceDate=2024%2F12%2F13&k_raceNo=12&k_babaCode=21,data/cache/html/20241213_kawasaki_12.html
20241212_kawasaki_1,2024-12-12,kawasaki,1,https://www.keiba.go.jp/KeibaWeb/TodayRaceInfo/RaceMarkTable?k_raceDate=2024%2F12%2F12&k_raceNo=1&k_babaCode=21,data/cache/html/20241212_kawasaki_1.html
20241212_kawasaki_2,2024-12-12,kawasaki,2,https://www.keiba.go.jp/KeibaWeb/TodayRaceInfo/RaceMarkTable?k_raceDate=2024%2F12%2F12&k_raceNo=2&k_babaCode=21,data/cache/html/20241212_kawasaki_2.html
20241212_kawasaki_3,2024-12-12,kawasaki,3,https://www.keiba.go.jp/KeibaWeb/TodayRaceInfo/RaceMarkTable?k_raceDate=2024%2F12%2F12&k_raceNo=3&k_babaCode=21,data/cache/html/20241212_kawasaki_3.html
20241212_kawasaki_4,2024-12-12,kawasaki,4,https://www.keiba.go.jp/KeibaWeb/TodayRaceInfo/RaceMarkTable?k_raceDate=2024%2F12%2F12&k_raceNo=4&k_babaCode=21,data/cache/html/20241212_kawasaki_4.html
20241212_kawasaki_5,2024-12-12,kawasaki,5,https://www.keiba.go.jp/KeibaWeb/TodayRaceInfo/RaceMarkTable?k_raceDate=2024%2F12%2F12&k_raceNo=5&k_babaCode=21,data/cache/html/20241212_kawasaki_5.html
20241212_kawasaki_6,2024-12-12,kawasaki,6,https://www.keiba.go.jp/KeibaWeb/TodayRaceInfo/RaceMarkTable?k_raceDate=2024%2F12%2F12&k_raceNo=6&k_babaCode=21,data/cache/html/20241212_kawasaki_6.html
20241212_kawasaki_7,2024-12-12,kawasaki,7,https://www.keiba.go.jp/KeibaWeb/TodayRaceInfo/RaceMarkTable?k_raceDate=2024%2F12%2F12&k_raceNo=7&k_babaCode=21,data/cache/html/20241212_kawasaki_7.html
20241212_kawasaki_8,2024-12-12,kawasaki,8,https://www.keiba.go.jp/KeibaWeb/TodayRaceInfo/RaceMarkTable?k_raceDate=2024%2F12%2F12&k_raceNo=8&k_babaCode=21,data/cache/html/20241212_kawasaki_8.html
20241212_kawasaki_9,2024-12-12,kawasaki,9,https://www.keiba.go.jp/KeibaWeb/TodayRaceInfo/RaceMarkTable?k_raceDate=2024%2F12%2F12&k_raceNo=9&k_babaCode=21,data/cache/html/20241212_kawasaki_9.html
20241212_kawasaki_10,2024-12-12,kawasaki,10,https://www.keiba.go.jp/KeibaWeb/TodayRaceInfo/RaceMarkTable?k_raceDate=2024%2F12%2F12&k_raceNo=10&k_babaCode=21,data/cache/html/20241212_kawasaki_10.html
20241212_kawasaki_11,2024-12-12,kawasaki,11,https://www.keiba.go.jp/KeibaWeb/TodayRaceInfo/RaceMarkTable?k_raceDate=2024%2F12%2F12&k_raceNo=11&k_babaCode=21,data/cache/html/20241212_kawasaki_11.html
20241212_kawasaki_12,2024-12-12,kawasaki,12,https://www.keiba.go.jp/KeibaWeb/TodayRaceInfo/RaceMarkTable?k_raceDate=2024%2F12%2F12&k_raceNo=12&k_babaCode=21,data/cache/html/20241212_kawasaki_12.html
20241211_kawasaki_1,2024-12-11,kawasaki,1,https://www.keiba.go.jp/KeibaWeb/TodayRaceInfo/RaceMarkTable?k_raceDate=2024%2F12%2F11&k_raceNo=1&k_babaCode=21,data/cache/html/20241211_kawasaki_1.html
20241211_kawasaki_2,2024-12-11,kawasaki,2,https://www.keiba.go.jp/KeibaWeb/TodayRaceInfo/RaceMarkTable?k_raceDate=2024%2F12%2F11&k_raceNo=2&k_babaCode=21,data/cache/html/20241211_kawasaki_2.html
20241211_kawasaki_3,2024-12-11,kawasaki,3,https://www.keiba.go.jp/KeibaWeb/TodayRaceInfo/RaceMarkTable?k_raceDate=2024%2F12%2F11&k_raceNo=3&k_babaCode=21,data/cache/html/20241211_kawasaki_3.html
20241211_kawasaki_4,2024-12-11,kawasaki,4,https://www.keiba.go.jp/KeibaWeb/TodayRaceInfo/RaceMarkTable?k_raceDate=2024%2F12%2F11&k_raceNo=4&k_babaCode=21,data/cache/html/20241211_kawasaki_4.html
20241211_kawasaki_5,2024-12-11,kawasaki,5,https://www.keiba.go.jp/KeibaWeb/TodayRaceInfo/RaceMarkTable?k_raceDate=2024%2F12%2F11&k_raceNo=5&k_babaCode=21,data/cache/html/20241211_kawasaki_5.html
20241211_kawasaki_6,2024-12-11,kawasaki,6,https://www.keiba.go.jp/KeibaWeb/TodayRaceInfo/RaceMarkTable?k_raceDate=2024%2F12%2F11&k_raceNo=6&k_babaCode=21,data/cache/html/20241211_kawasaki_6.html
20241211_kawasaki_7,2024-12-11,kawasaki,7,https://www.keiba.go.jp/KeibaWeb/TodayRaceInfo/RaceMarkTable?k_raceDate=2024%2F12%2F11&k_raceNo=7&k_babaCode=21,data/cache/html/20241211_kawasaki_7.html
20241211_kawasaki_8,2024-12-11,kawasaki,8,https://www.keiba.go.jp/KeibaWeb/TodayRaceInfo/RaceMarkTable?k_raceDate=2024%2F12%2F11&k_raceNo=8&k_babaCode=21,data/cache/html/20241211_kawasaki_8.html
20241211_kawasaki_9,2024-12-11,kawasaki,9,https://www.keiba.go.jp/KeibaWeb/TodayRaceInfo/RaceMarkTable?k_raceDate=2024%2F12%2F11&k_raceNo=9&k_babaCode=21,data/cache/html/20241211_kawasaki_9.html
20241211_kawasaki_10,2024-12-11,kawasaki,10,https://www.keiba.go.jp/KeibaWeb/TodayRaceInfo/RaceMarkTable?k_raceDate=2024%2F12%2F11&k_raceNo=10&k_babaCode=21,data/cache/html/20241211_kawasaki_10.html
20241211_kawasaki_11,2024-12-11,kawasaki,11,https://www.keiba.go.jp/KeibaWeb/TodayRaceInfo/RaceMarkTable?k_raceDate=2024%2F12%2F11&k_raceNo=11&k_babaCode=21,data/cache/html/20241211_kawasaki_11.html
20241211_kawasaki_12,2024-12-11,kawasaki,12,https://www.keiba.go.jp/KeibaWeb/TodayRaceInfo/RaceMarkTable?k_raceDate=2024%2F12%2F11&k_raceNo=12&k_babaCode=21,data/cache/html/20241211_kawasaki_12.html
20241210_kawasaki_1,2024-12-10,kawasaki,1,https://www.keiba.go.jp/KeibaWeb/TodayRaceInfo/RaceMarkTable?k_raceDate=2024%2F12%2F10&k_raceNo=1&k_babaCode=21,data/cache/html/20241210_kawasaki_1.html
20241210_kawasaki_2,2024-12-10,kawasaki,2,https://www.keiba.go.jp/KeibaWeb/TodayRaceInfo/RaceMarkTable?k_raceDate=2024%2F12%2F10&k_raceNo=2&k_babaCode=21,data/cache/html/20241210_kawasaki_2.html
20241210_kawasaki_3,2024-12-10,kawasaki,3,https://www.keiba.go.jp/KeibaWeb/TodayRaceInfo/RaceMarkTable?k_raceDate=2024%2F12%2F10&k_raceNo=3&k_babaCode=21,data/cache/html/20241210_kawasaki_3.html
20241210_kawasaki_4,2024-12-10,kawasaki,4,https://www.keiba.go.jp/KeibaWeb/TodayRaceInfo/RaceMarkTable?k_raceDate=2024%2F12%2F10&k_raceNo=4&k_babaCode=21,data/cache/html/20241210_kawasaki_4.html
20241210_kawasaki_5,2024-12-10,kawasaki,5,https://www.keiba.go.jp/KeibaWeb/TodayRaceInfo/RaceMarkTable?k_raceDate=2024%2F12%2F10&k_raceNo=5&k_babaCode=21,data/cache/html/20241210_kawasaki_5.html
20241210_kawasaki_6,2024-12-10,kawasaki,6,https://www.keiba.go.jp/KeibaWeb/TodayRaceInfo/RaceMarkTable?k_raceDate=2024%2F12%2F10&k_raceNo=6&k_babaCode=21,data/cache/html/20241210_kawasaki_6.html
20241210_kawasaki_7,2024-12-10,kawasaki,7,https://www.keiba.go.jp/KeibaWeb/TodayRaceInfo/RaceMarkTable?k_raceDate=2024%2F12%2F10&k_raceNo=7&k_babaCode=21,data/cache/html/20241210_kawasaki_7.html
20241210_kawasaki_8,2024-12-10,kawasaki,8,https://www.keiba.go.jp/KeibaWeb/TodayRaceInfo/RaceMarkTable?k_raceDate=2024%2F12%2F10&k_raceNo=8&k_babaCode=21,data/cache/html/20241210_kawasaki_8.html
20241210_kawasaki_9,2024-12-10,kawasaki,9,https://www.keiba.go.jp/KeibaWeb/TodayRaceInfo/RaceMarkTable?k_raceDate=2024%2F12%2F10&k_raceNo=9&k_babaCode=21,data/cache/html/20241210_kawasaki_9.html
20241210_kawasaki_10,2024-12-10,kawasaki,10,https://www.keiba.go.jp/KeibaWeb/TodayRaceInfo/RaceMarkTable?k_raceDate=2024%2F12%2F10&k_raceNo=10&k_babaCode=21,data/cache/html/20241210_kawasaki_10.html
20241210_kawasaki_11,2024-12-10,kawasaki,11,https://www.keiba.go.jp/KeibaWeb/TodayRaceInfo/RaceMarkTable?k_raceDate=2024%2F12%2F10&k_raceNo=11&k_babaCode=21,data/cache/html/20241210_kawasaki_11.html
20241210_kawasaki_12,2024-12-10,kawasaki,12,https://www.keiba.go.jp/KeibaWeb/TodayRaceInfo/RaceMarkTable?k_raceDate=2024%2F12%2F10&k_raceNo=12&k_babaCode=21,data/cache/html/20241210_kawasaki_12.html
20241209_kawasaki_1,2024-12-09,kawasaki,1,https://www.keiba.go.jp/KeibaWeb/TodayRaceInfo/RaceMarkTable?k_raceDate=2024%2F12%2F09&k_raceNo=1&k_babaCode=21,data/cache/html/20241209_kawasaki_1.html
20241209_kawasaki_2,2024-12-09,kawasaki,2,https://www.keiba.go.jp/KeibaWeb/TodayRaceInfo/RaceMarkTable?k_raceDate=2024%2F12%2F09&k_raceNo=2&k_babaCode=21,data/cache/html/20241209_kawasaki_2.html
20241209_kawasaki_3,2024-12-09,kawasaki,3,https://www.keiba.go.jp/KeibaWeb/TodayRaceInfo/RaceMarkTable?k_raceDate=2024%2F12%2F09&k_raceNo=3&k_babaCode=21,data/cache/html/20241209_kawasaki_3.html
20241209_kawasaki_4,2024-12-09,kawasaki,4,https://www.keiba.go.jp/KeibaWeb/TodayRaceInfo/RaceMarkTable?k_raceDate=2024%2F12%2F09&k_raceNo=4&k_babaCode=21,data/cache/html/20241209_kawasaki_4.html
20241209_kawasaki_5,2024-12-09,kawasaki,5,https://www.keiba.go.jp/KeibaWeb/TodayRaceInfo/RaceMarkTable?k_raceDate=2024%2F12%2F09&k_raceNo=5&k_babaCode=21,data/cache/html/20241209_kawasaki_5.html
20241209_kawasaki_6,2024-12-09,kawasaki,6,https://www.keiba.go.jp/KeibaWeb/TodayRaceInfo/RaceMarkTable?k_raceDate=2024%2F12%2F09&k_raceNo=6&k_babaCode=21,data/cache/html/20241209_kawasaki_6.html
20241209_kawasaki_7,2024-12-09,kawasaki,7,https://www.keiba.go.jp/KeibaWeb/TodayRaceInfo/RaceMarkTable?k_raceDate=2024%2F12%2F09&k_raceNo=7&k_babaCode=21,data/cache/html/20241209_kawasaki_7.html
20241209_kawasaki_8,2024-12-09,kawasaki,8,https://www.keiba.go.jp/KeibaWeb/TodayRaceInfo/RaceMarkTable?k_raceDate=2024%2F12%2F09&k_raceNo=8&k_babaCode=21,data/cache/html/20241209_kawasaki_8.html
20241209_kawasaki_9,2024-12-09,kawasaki,9,https://www.keiba.go.jp/KeibaWeb/TodayRaceInfo/RaceMarkTable?k_raceDate=2024%2F12%2F09&k_raceNo=9&k_babaCode=21,data/cache/html/20241209_kawasaki_9.html
20241209_kawasaki_10,2024-12-09,kawasaki,10,https://www.keiba.go.jp/KeibaWeb/TodayRaceInfo/RaceMarkTable?k_raceDate=2024%2F12%2F09&k_raceNo=10&k_babaCode=21,data/cache/html/20241209_kawasaki_10.html
20241209_kawasaki_11,2024-12-09,kawasaki,11,https://www.keiba.go.jp/KeibaWeb/TodayRaceInfo/RaceMarkTable?k_raceDate=2024%2F12%2F09&k_raceNo=11&k_babaCode=21,data/cache/html/20241209_kawasaki_11.html
20241209_kawasaki_12,2024-12-09,kawasaki,12,https://www.keiba.go.jp/KeibaWeb/TodayRaceInfo/RaceMarkTable?k_raceDate=2024%2F12%2F09&k_raceNo=12&k_babaCode=21,data/cache/html/20241209_kawasaki_12.html
20241115_kawasaki_1,2024-11-15,kawasaki,1,https://www.keiba.go.jp/KeibaWeb/TodayRaceInfo/RaceMarkTable?k_raceDate=2024%2F11%2F15&k_raceNo=1&k_babaCode=21,data/cache/html/20241115_kawasaki_1.html
20241115_kawasaki_2,2024-11-15,kawasaki,2,https://www.keiba.go.jp/KeibaWeb/TodayRaceInfo/RaceMarkTable?k_raceDate=2024%2F11%2F15&k_raceNo=2&k_babaCode=21,data/cache/html/20241115_kawasaki_2.html
20241115_kawasaki_3,2024-11-15,kawasaki,3,https://www.keiba.go.jp/KeibaWeb/TodayRaceInfo/RaceMarkTable?k_raceDate=2024%2F11%2F15&k_raceNo=3&k_babaCode=21,data/cache/html/20241115_kawasaki_3.html
20241115_kawasaki_4,2024-11-15,kawasaki,4,https://www.keiba.go.jp/KeibaWeb/TodayRaceInfo/RaceMarkTable?k_raceDate=2024%2F11%2F15&k_raceNo=4&k_babaCode=21,data/cache/html/20241115_kawasaki_4.html
20241115_kawasaki_5,2024-11-15,kawasaki,5,https://www.keiba.go.jp/KeibaWeb/TodayRaceInfo/RaceMarkTable?k_raceDate=2024%2F11%2F15&k_raceNo=5&k_babaCode=21,data/cache/html/20241115_kawasaki_5.html
20241115_kawasaki_6,2024-11-15,kawasaki,6,https://www.keiba.go.jp/KeibaWeb/TodayRaceInfo/RaceMarkTable?k_raceDate=2024%2F11%2F15&k_raceNo=6&k_babaCode=21,data/cache/html/20241115_kawasaki_6.html
20241115_kawasaki_7,2024-11-15,kawasaki,7,https://www.keiba.go.jp/KeibaWeb/TodayRaceInfo/RaceMarkTable?k_raceDate=2024%2F11%2F15&k_raceNo=7&k_babaCode=21,data/cache/html/20241115_kawasaki_7.html
20241115_kawasaki_8,2024-11-15,kawasaki,8,https://www.keiba.go.jp/KeibaWeb/TodayRaceInfo/RaceMarkTable?k_raceDate=2024%2F11%2F15&k_raceNo=8&k_babaCode=21,data/cache/html/20241115_kawasaki_8.html
20241115_kawasaki_9,2024-11-15,kawasaki,9,https://www.keiba.go.jp/KeibaWeb/TodayRaceInfo/RaceMarkTable?k_raceDate=2024%2F11%2F15&k_raceNo=9&k_babaCode=21,data/cache/html/20241115_kawasaki_9.html
20241115_kawasaki_10,2024-11-15,kawasaki,10,https://www.keiba.go.jp/KeibaWeb/TodayRaceInfo/RaceMarkTable?k_raceDate=2024%2F11%2F15&k_raceNo=10&k_babaCode=21,data/cache/html/20241115_kawasaki_10.html
20241115_kawasaki_11,2024-11-15,kawasaki,11,https://www.keiba.go.jp/KeibaWeb/TodayRaceInfo/RaceMarkTable?k_raceDate=2024%2F11%2F15&k_raceNo=11&k_babaCode=21,data/cache/html/20241115_kawasaki_11.html
20241115_kawasaki_12,2024-11-15,kawasaki,12,https://www.keiba.go.jp/KeibaWeb/TodayRaceInfo/RaceMarkTable?k_raceDate=2024%2F11%2F15&k_raceNo=12&k_babaCode=21,data/cache/html/20241115_kawasaki_12.html
20241114_kawasaki_1,2024-11-14,kawasaki,1,https://www.keiba.go.jp/KeibaWeb/TodayRaceInfo/RaceMarkTable?k_raceDate=2024%2F11%2F14&k_raceNo=1&k_babaCode=21,data/cache/html/20241114_kawasaki_1.html
20241114_kawasaki_2,2024-11-14,kawasaki,2,https://www.keiba.go.jp/KeibaWeb/TodayRaceInfo/RaceMarkTable?k_raceDate=2024%2F11%2F14&k_raceNo=2&k_babaCode=21,data/cache/html/20241114_kawasaki_2.html
20241114_kawasaki_3,2024-11-14,kawasaki,3,https://www.keiba.go.jp/KeibaWeb/TodayRaceInfo/RaceMarkTable?k_raceDate=2024%2F11%2F14&k_raceNo=3&k_babaCode=21,data/cache/html/20241114_kawasaki_3.html
20241114_kawasaki_4,2024-11-14,kawasaki,4,https://www.keiba.go.jp/KeibaWeb/TodayRaceInfo/RaceMarkTable?k_raceDate=2024%2F11%2F14&k_raceNo=4&k_babaCode=21,data/cache/html/20241114_kawasaki_4.html
20241114_kawasaki_5,2024-11-14,kawasaki,5,https://www.keiba.go.jp/KeibaWeb/TodayRaceInfo/RaceMarkTable?k_raceDate=2024%2F11%2F14&k_raceNo=5&k_babaCode=21,data/cache/html/20241114_kawasaki_5.html
20241114_kawasaki_6,2024-11-14,kawasaki,6,https://www.keiba.go.jp/KeibaWeb/TodayRaceInfo/RaceMarkTable?k_raceDate=2024%2F11%2F14&k_raceNo=6&k_babaCode=21,data/cache/html/20241114_kawasaki_6.html
20241114_kawasaki_7,2024-11-14,kawasaki,7,https://www.keiba.go.jp/KeibaWeb/TodayRaceInfo/RaceMarkTable?k_raceDate=2024%2F11%2F14&k_raceNo=7&k_babaCode=21,data/cache/html/20241114_kawasaki_7.html
20241114_kawasaki_8,2024-11-14,kawasaki,8,https://www.keiba.go.jp/KeibaWeb/TodayRaceInfo/RaceMarkTable?k_raceDate=2024%2F11%2F14&k_raceNo=8&k_babaCode=21,data/cache/html/20241114_kawasaki_8.html
20241114_kawasaki_9,2024-11-14,kawasaki,9,https://www.keiba.go.jp/KeibaWeb/TodayRaceInfo/RaceMarkTable?k_raceDate=2024%2F11%2F14&k_raceNo=9&k_babaCode=21,data/cache/html/20241114_kawasaki_9.html
20241114_kawasaki_10,2024-11-14,kawasaki,10,https://www.keiba.go.jp/KeibaWeb/TodayRaceInfo/RaceMarkTable?k_raceDate=2024%2F11%2F14&k_raceNo=10&k_babaCode=21,data/cache/html/20241114_kawasaki_10.html
20241114_kawasaki_11,2024-11-14,kawasaki,11,https://www.keiba.go.jp/KeibaWeb/TodayRaceInfo/RaceMarkTable?k_raceDate=2024%2F11%2F14&k_raceNo=11&k_babaCode=21,data/cache/html/20241114_kawasaki_11.html
20241114_kawasaki_12,2024-11-14,kawasaki,12,https://www.keiba.go.jp/KeibaWeb/TodayRaceInfo/RaceMarkTable?k_raceDate=2024%2F11%2F14&k_raceNo=12&k_babaCode=21,data/cache/html/20241114_kawasaki_12.html
20241113_kawasaki_1,2024-11-13,kawasaki,1,https://www.keiba.go.jp/KeibaWeb/TodayRaceInfo/RaceMarkTable?k_raceDate=2024%2F11%2F13&k_raceNo=1&k_babaCode=21,data/cache/html/20241113_kawasaki_1.html
20241113_kawasaki_2,2024-11-13,kawasaki,2,https://www.keiba.go.jp/KeibaWeb/TodayRaceInfo/RaceMarkTable?k_raceDate=2024%2F11%2F13&k_raceNo=2&k_babaCode=21,data/cache/html/20241113_kawasaki_2.html
20241113_kawasaki_3,2024-11-13,kawasaki,3,https://www.keiba.go.jp/KeibaWeb/TodayRaceInfo/RaceMarkTable?k_raceDate=2024%2F11%2F13&k_raceNo=3&k_babaCode=21,data/cache/html/20241113_kawasaki_3.html
20241113_kawasaki_4,2024-11-13,kawasaki,4,https://www.keiba.go.jp/KeibaWeb/TodayRaceInfo/RaceMarkTable?k_raceDate=2024%2F11%2F13&k_raceNo=4&k_babaCode=21,data/cache/html/20241113_kawasaki_4.html
20241113_kawasaki_5,2024-11-13,kawasaki,5,https://www.keiba.go.jp/KeibaWeb/TodayRaceInfo/RaceMarkTable?k_raceDate=2024%2F11%2F13&k_raceNo=5&k_babaCode=21,data/cache/html/20241113_kawasaki_5.html
20241113_kawasaki_6,2024-11-13,kawasaki,6,https://www.keiba.go.jp/KeibaWeb/TodayRaceInfo/RaceMarkTable?k_raceDate=2024%2F11%2F13&k_raceNo=6&k_babaCode=21,data/cache/html/20241113_kawasaki_6.html
20241113_kawasaki_7,2024-11-13,kawasaki,7,https://www.keiba.go.jp/KeibaWeb/TodayRaceInfo/RaceMarkTable?k_raceDate=2024%2F11%2F13&k_raceNo=7&k_babaCode=21,data/cache/html/20241113_kawasaki_7.html
20241113_kawasaki_8,2024-11-13,kawasaki,8,https://www.keiba.go.jp/KeibaWeb/TodayRaceInfo/RaceMarkTable?k_raceDate=2024%2F11%2F13&k_raceNo=8&k_babaCode=21,data/cache/html/20241113_kawasaki_8.html
20241113_kawasaki_9,2024-11-13,kawasaki,9,https://www.keiba.go.jp/KeibaWeb/TodayRaceInfo/RaceMarkTable?k_raceDate=2024%2F11%2F13&k_raceNo=9&k_babaCode=21,data/cache/html/20241113_kawasaki_9.html
20241113_kawasaki_10,2024-11-13,kawasaki,10,https://www.keiba.go.jp/KeibaWeb/TodayRaceInfo/RaceMarkTable?k_raceDate=2024%2F11%2F13&k_raceNo=10&k_babaCode=21,data/cache/html/20241113_kawasaki_10.html
20241113_kawasaki_11,2024-11-13,kawasaki,11,https://www.keiba.go.jp/KeibaWeb/TodayRaceInfo/RaceMarkTable?k_raceDate=2024%2F11%2F13&k_raceNo=11&k_babaCode=21,data/cache/html/20241113_kawasaki_11.html
20241113_kawasaki_12,2024-11-13,kawasaki,12,https://www.keiba.go.jp/KeibaWeb/TodayRaceInfo/RaceMarkTable?k_raceDate=2024%2F11%2F13&k_raceNo=12&k_babaCode=21,data/cache/html/20241113_kawasaki_12.html
20241112_kawasaki_1,2024-11-12,kawasaki,1,https://www.keiba.go.jp/KeibaWeb/TodayRaceInfo/RaceMarkTable?k_raceDate=2024%2F11%2F12&k_raceNo=1&k_babaCode=21,data/cache/html/20241112_kawasaki_1.html
20241112_kawasaki_2,2024-11-12,kawasaki,2,https://www.keiba.go.jp/KeibaWeb/TodayRaceInfo/RaceMarkTable?k_raceDate=2024%2F11%2F12&k_raceNo=2&k_babaCode=21,data/cache/html/20241112_kawasaki_2.html
20241112_kawasaki_3,2024-11-12,kawasaki,3,https://www.keiba.go.jp/KeibaWeb/TodayRaceInfo/RaceMarkTable?k_raceDate=2024%2F11%2F12&k_raceNo=3&k_babaCode=21,data/cache/html/20241112_kawasaki_3.html
20241112_kawasaki_4,2024-11-12,kawasaki,4,https://www.keiba.go.jp/KeibaWeb/TodayRaceInfo/RaceMarkTable?k_raceDate=2024%2F11%2F12&k_raceNo=4&k_babaCode=21,data/cache/html/20241112_kawasaki_4.html
20241112_kawasaki_5,2024-11-12,kawasaki,5,https://www.keiba.go.jp/KeibaWeb/TodayRaceInfo/RaceMarkTable?k_raceDate=2024%2F11%2F12&k_raceNo=5&k_babaCode=21,data/cache/html/20241112_kawasaki_5.html
20241112_kawasaki_6,2024-11-12,kawasaki,6,https://www.keiba.go.jp/KeibaWeb/TodayRaceInfo/RaceMarkTable?k_raceDate=2024%2F11%2F12&k_raceNo=6&k_babaCode=21,data/cache/html/20241112_kawasaki_6.html
20241112_kawasaki_7,2024-11-12,kawasaki,7,https://www.keiba.go.jp/KeibaWeb/TodayRaceInfo/RaceMarkTable?k_raceDate=2024%2F11%2F12&k_raceNo=7&k_babaCode=21,data/cache/html/20241112_kawasaki_7.html
20241112_kawasaki_8,2024-11-12,kawasaki,8,https://www.keiba.go.jp/KeibaWeb/TodayRaceInfo/RaceMarkTable?k_raceDate=2024%2F11%2F12&k_raceNo=8&k_babaCode=21,data/cache/html/20241112_kawasaki_8.html
20241112_kawasaki_9,2024-11-12,kawasaki,9,https://www.keiba.go.jp/KeibaWeb/TodayRaceInfo/RaceMarkTable?k_raceDate=2024%2F11%2F12&k_raceNo=9&k_babaCode=21,data/cache/html/20241112_kawasaki_9.html
20241112_kawasaki_10,2024-11-12,kawasaki,10,https://www.keiba.go.jp/KeibaWeb/TodayRaceInfo/RaceMarkTable?k_raceDate=2024%2F11%2F12&k_raceNo=10&k_babaCode=21,data/cache/html/20241112_kawasaki_10.html
20241112_kawasaki_11,2024-11-12,kawasaki,11,https://www.keiba.go.jp/KeibaWeb/TodayRaceInfo/RaceMarkTable?k_raceDate=2024%2F11%2F12&k_raceNo=11&k_babaCode=21,data/cache/html/20241112_kawasaki_11.html
20241112_kawasaki_12,2024-11-12,kawasaki,12,https://www.keiba.go.jp/KeibaWeb/TodayRaceInfo/RaceMarkTable?k_raceDate=2024%2F11%2F12&k_raceNo=12&k_babaCode=21,data/cache/html/20241112_kawasaki_12.html
